{"sameAs":["http://viaf.org/viaf/268389473","http://id.worldcat.org/fast/63022","http://www.wikidata.org/entity/Q269412","https://isni.org/isni/0000000383365509","http://id.loc.gov/authorities/names/n80139232","http://d-nb.info/gnd/118690469","https://data.bnf.fr/ark:/12148/cb119925655","https://data.bnf.fr/ark:/12148/cb11992565","http://id.ndl.go.jp/auth/ndlna/01233272","http://datos.bne.es/resource/XX982936","https://livedata.bibsys.no/authority/90640442","http://www.idref.fr/079726119","http://data.bibliotheken.nl/doc/thes/p069654670","https://livedata.bibsys.no/authority/90640442","http://libris.kb.se/resource/auth/316381"],"bf:identifiedBy":[{"type":["bf:Identifier"],"rdf:value":"A17459217","rdfs:label":"NLP ID"},{"type":["bf:Identifier"],"rdf:value":"0000053355","rdfs:label":"B2Q ID"},{"type":["bf:Identifier"],"rdf:value":"ADV12643805","rdfs:label":"BAV ID"},{"type":["bf:Identifier"],"rdf:value":"000488860","rdfs:label":"BLBND ID"},{"type":["bf:Identifier"],"rdf:value":"77107499","rdfs:label":"NLR ID"},{"type":["bf:Identifier"],"rdf:value":"n02061082","rdfs:label":"NUKAT ID"},{"type":["bf:Identifier"],"rdf:value":"ncf10269791","rdfs:label":"CAOONL ID"},{"type":["bf:Identifier"],"rdf:value":"000180331","rdfs:label":"LNB ID"},{"type":["bf:Identifier"],"rdf:value":"xx0082172","rdfs:label":"NKC ID"},{"type":["bf:Identifier"],"rdf:value":"000052181","rdfs:label":"NLI ID"},{"type":["bf:Identifier"],"rdf:value":"9810629120905606","rdfs:label":"PLWABN ID"},{"type":["bf:Identifier"],"rdf:value":"36288118","rdfs:label":"NLA ID"},{"type":["bf:Identifier"],"rdf:value":"02-A012381752","rdfs:label":"RERO ID"},{"type":["bf:Identifier"],"rdf:value":"987007261639605171","rdfs:label":"J9U ID"}],"child":["https://id.oclc.org/worldcat/entity/E39PBJmtxJmtPvTB3jhygVhJXd","https://id.oclc.org/worldcat/entity/E39PBJyGTdbGVyWRhc3H7p4jG3","https://id.oclc.org/worldcat/entity/E39PBJyRFqHK9T9tHC7hgFKPQq","https://id.oclc.org/worldcat/entity/E39PBJpDP9jh8qB4BGvKcrQXh3","https://id.oclc.org/worldcat/entity/E39PBJhX6CG4vfHx4cj83JmfMP","https://id.oclc.org/worldcat/entity/E39PBJtX9QcycJCKvgf7JTYXVC"],"sibling":["https://id.oclc.org/worldcat/entity/E39PBJrCdGhxCbQ3RmjWwt9JjC","https://id.oclc.org/worldcat/entity/E39PBJvt6kwtCjGfDCfj9KTbVC","https://id.oclc.org/worldcat/entity/E39PBJfmrj6WqXrmMy8Qrrjt8C","https://id.oclc.org/worldcat/entity/E39PBJp9r3pXwVvGBRBR99Gyh3"],"spouse":[{"id":"https://id.oclc.org/worldcat/entity/E39PBJmHKcCfJ9GycW8KTmqJDq#49edaf31-246f-47d4-bbc7-02146771399d","type":"Role","carriedOutBy":"https://id.oclc.org/worldcat/entity/E39PBJm986YpjCC4FRD7rM4jG3"}],"placeOfDeath":["https://id.oclc.org/worldcat/entity/E39PBJvmPH3qYMKDwx84PK6VG3"],"@context":"https://id.oclc.org/api/context.json","id":"https://id.oclc.org/worldcat/entity/E39PBJmHKcCfJ9GycW8KTmqJDq","dateOfBirth":[{"type":["time:Instant"],"time:inDateTime":{"type":["time:DateTimeDescription"],"time:day":{"type":"http://www.w3.org/2001/XMLSchema#gDay","@value":"----03"},"time:year":{"type":"http://www.w3.org/2001/XMLSchema#gYear","@value":"1865"},"time:month":{"type":"http://www.w3.org/2001/XMLSchema#gMonth","@value":"--06"},"time:hasTRS":{"id":"http://www.opengis.net/def/uom/ISO-8601/0/Gregorian"},"time:unitType":{"id":"time:unitDay"}},"time:inXSDDateTimeStamp":{"type":"http://www.w3.org/2001/XMLSchema#dateTimeStamp","@value":"1865-06-03T00:00:00Z"}}],"dateOfDeath":[{"type":["time:Instant"],"time:inDateTime":{"type":["time:DateTimeDescription"],"time:day":{"type":"http://www.w3.org/2001/XMLSchema#gDay","@value":"----20"},"time:year":{"type":"http://www.w3.org/2001/XMLSchema#gYear","@value":"1936"},"time:month":{"type":"http://www.w3.org/2001/XMLSchema#gMonth","@value":"--01"},"time:hasTRS":{"id":"http://www.opengis.net/def/uom/ISO-8601/0/Gregorian"},"time:unitType":{"id":"time:unitDay"}},"time:inXSDDateTimeStamp":{"type":"http://www.w3.org/2001/XMLSchema#dateTimeStamp","@value":"1936-01-20T00:00:00Z"}}],"prefLabel":{"af":"George V van die Verenigde Koninkryk","ar":"جورج الخامس ملك المملكة المتحدة","az":"V Georq","be":"Георг V","bg":"Джордж V","bn":"পঞ্চম জর্জ","br":"George V","bs":"George V, kralj Ujedinjenog Kraljevstva","ca":"Jordi V del Regne Unit","cs":"Jiří V.","cy":"Siôr V, brenin y Deyrnas Unedig","da":"Georg 5. af Storbritannien","de":"Georg V.","el":"Γεώργιος Ε΄ του Ηνωμένου Βασιλείου","en":"George V","eo":"Georgo la 5-a de Britio","es":"Jorge V del Reino Unido","et":"George V","eu":"Jurgi V.a Erresuma Batukoa","fa":"جرج پنجم پادشاهی متحده","fi":"Yrjö V","fr":"George V","ga":"Seoirse V na Ríochta Aontaithe","gd":"Seòras V","gl":"Xurxo V do Reino Unido","gu":"જ્યોર્જ પાંચમો","he":"ג'ורג' החמישי","hi":"जॉर्ज पंचम","hr":"Đuro V., kralj Ujedinjenog Kraljevstva","hu":"V. György brit király","hy":"Գեորգ V","ia":"Georgio V del Regno Unite","id":"George V dari Britania Raya","io":"George 5ma di Unionita Rejio","is":"Georg 5.","it":"Giorgio V del Regno Unito","ja":"ジョージ5世 (イギリス王)","ka":"ჯორჯ V","kk":"V Георг","ko":"조지 5세","kw":"Jori V","la":"Georgius V","lt":"Jurgis V","lv":"Džordžs V Vindzors","mk":"Џорџ V","ml":"ജോർജ് V","mr":"पाचवा जॉर्ज, युनायटेड किंग्डम","ms":"George V dari United Kingdom","my":"ပဉ္စမမြောက် ဂျော့ဘုရင်","nb":"Georg V av Storbritannia","nl":"George V van het Verenigd Koninkrijk","nn":"Georg V av Storbritannia","oc":"Jòrdi V del Reialme Unit","pl":"Jerzy V","pt":"Jorge V do Reino Unido","ro":"George al V-lea al Regatului Unit","ru":"Георг V","sa":"जार्ज ५","sd":"جارج پنجون (برطانيا)","sh":"George V","si":"පස්වන ජෝර්ජ්","sk":"Juraj V.","sl":"Jurij V. Britanski","sm":"Siaosi V","sr":"Џорџ V","sv":"Georg V av Storbritannien","ta":"ஐக்கிய இராச்சியத்தின் ஐந்தாம் ஜோர்ஜ்","th":"สมเด็จพระเจ้าจอร์จที่ 5 แห่งสหราชอาณาจักร","tl":"George V ng Nagkakaisang Kaharian","tr":"V. George","uk":"Георг V","ur":"جارج پنجم","vi":"George V của Anh","yi":"געארג דער פינפטער","zh":"乔治五世","arz":"جورج الخامس ملك المملكه المتحده","ast":"Xurde V del Reinu Xuníu","azb":"بئشینجی جرج","bar":"George V. von Großbritannien","frr":"Georg V. (Ferianigt Köningrik)","hak":"Khiâu-chhṳ Ńg-sṳ","mzn":"جرج پنجم","nrm":"George V du Rouoyaume Unni","pnb":"جارج پنجم","sco":"George V","wuu":"乔治五世","pt-br":"Jorge V do Reino Unido","zh-tw":"喬治五世","zh-hans":"乔治五世","zh-hant":"喬治五世"},"altLabel":{"ar":["جورج الخامس","جورج الخامس ملك المملكه المتحده","جورج الخامس من المملكة المتحدة"],"en":["George V","King George V","George Frederick Ernest Albert Windsor","George Frederick Ernest Albert Saxe-Coburg-Gotha","George V of the United Kingdom","George Saxe-Coburg-Gotha","V, King of Great Britain George","George Frederick Ernest Albert","George Windsor","King of Great Britain George V"],"eo":["Georgo la 5-a"],"gu":["જ્યોર્જ પાંચમા"],"it":["George Frederick Ernest Albert"],"ja":["ジョージ・フレデリック・アーネスト・アルバート"],"ml":["ജോർജ് ഫ്രഡറിക് ഏണസ്റ്റ് ആൽബർട്ട്"],"pt":["Jorge Frederico Ernesto Alberto"],"ro":["George al V-lea"],"zh":["喬治五世"]},"type":["Person"],"description":{"ar":"ملك المملكة المتحدة لبريطانيا العظمى وشمال ايرلندا ودول الكومنولث وامبراطور الهند","az":"6 may 1910-cu ildən 1936-cı ildə vəfatına qədər Böyük Britaniya və Şimali İrlandiya Birləşmiş Krallığının və Britaniya dominionlarının 9-cu kralı, həmçinin Hindistanın imperatoru","ca":"rei del Regne Unit","cs":"král Spojeného království","da":"britisk konge","de":"König des Vereinigten Königreichs Großbritannien und Irland (seit 1927 Nordirland), Kaiser von Indien (1910–1936)","en":"King of the United Kingdom and the British Dominions, and Emperor of India (1865-1936)","eo":"reĝo de Britio; imperiestro de Hindio","es":"Rey del Reino Unido (1910-1936)","fi":"Yhdistyneen kuningaskunnan kuningas 1910–1936","fr":"roi du Royaume-Uni (1910-1936)","gu":"યુનાઇટેડ કીંગડ ના રાજા, બ્રિટીશ શાશીત પ્રદેશો અને ભારતના રાજાધીરાજ","he":"מלך הממלכה המאוחדת","it":"re del Regno Unito e imperatore d'India","ja":"イギリス王。エドワード7世とアレクサンドラの次男","ka":"დიდი ბრიტანეთისა და ჩრდილოეთ ირლანდიის გაერთიანებული სამეფოს მეფე","ko":"아일랜드 연합 왕국의 왕 겸 인도의 황제","mk":"крал на Обединетото Кралство","nb":"(1865-1936)","nl":"Britse koning (1865-1936)","pt":"Rei do Reino Unido e Domínios Britânicos, e Imperador da Índia (1910–36)","ru":"король Соединённого Королевства Великобритании и Ирландии","sk":"kráľ Spojeného kráľovstva Veľkej Británie a Írska, britských domínií a cisár Indie","sr":"краљ Уједињеног Краљевства (1910—36)","sv":"kung av Storbritannien 1910–1936","th":"กษัตริย์สหราชอาณาจักร","tr":"1910-1936 arası Britanya kralı","uk":"король Великої Британії та Ірландії","ur":"شاہ مملکت متحدہ برطانیہ،برطانوی ڈومینیون،شہنشاہ ہند","yi":"מלך פונעם פאראייניגטן קעניגרייך","zh":"英國國王與印度皇帝"}}