{"sameAs":["http://viaf.org/viaf/24465969","http://id.worldcat.org/fast/310206","http://www.wikidata.org/entity/Q15070966","https://isni.org/isni/0000000050968205","http://id.loc.gov/authorities/names/nr92032624","http://data.bibliotheken.nl/doc/thes/p217440797"],"bf:identifiedBy":[{"type":["bf:Identifier"],"rdf:value":"n 2005092874","rdfs:label":"NUKAT ID"},{"type":["bf:Identifier"],"rdf:value":"987007259678405171","rdfs:label":"J9U ID"}],"educatedAt":[{"type":["Role"],"startDate":{"type":["time:Instant"],"time:inDateTime":{"type":["time:DateTimeDescription"],"time:year":{"type":"http://www.w3.org/2001/XMLSchema#Year","@value":"1846"},"time:hasTRS":{"id":"http://www.opengis.net/def/uom/ISO-8601/0/Gregorian"},"time:unitType":{"id":"time:unitYear"}},"time:inXSDDateTimeStamp":{"type":"http://www.w3.org/2001/XMLSchema#dateTimeStamp","@value":"1846-01-01T00:00:00Z"}},"carriedOutBy":"https://id.oclc.org/worldcat/entity/E39QQPVp7YDxXvttjfmFhcJQFg"}],"employedBy":[{"type":["Role"],"endDate":{"type":["time:Instant"],"time:inDateTime":{"type":["time:DateTimeDescription"],"time:year":{"type":"http://www.w3.org/2001/XMLSchema#Year","@value":"1901"},"time:hasTRS":{"id":"http://www.opengis.net/def/uom/ISO-8601/0/Gregorian"},"time:unitType":{"id":"time:unitYear"}},"time:inXSDDateTimeStamp":{"type":"http://www.w3.org/2001/XMLSchema#dateTimeStamp","@value":"1901-01-01T00:00:00Z"}},"startDate":{"type":["time:Instant"],"time:inDateTime":{"type":["time:DateTimeDescription"],"time:year":{"type":"http://www.w3.org/2001/XMLSchema#Year","@value":"1895"},"time:hasTRS":{"id":"http://www.opengis.net/def/uom/ISO-8601/0/Gregorian"},"time:unitType":{"id":"time:unitYear"}},"time:inXSDDateTimeStamp":{"type":"http://www.w3.org/2001/XMLSchema#dateTimeStamp","@value":"1895-01-01T00:00:00Z"}},"carriedOutBy":"https://id.oclc.org/worldcat/entity/E39PBJyRF6cQXgPKkCTxp46dwC"},{"type":["Role"],"endDate":{"type":["time:Instant"],"time:inDateTime":{"type":["time:DateTimeDescription"],"time:year":{"type":"http://www.w3.org/2001/XMLSchema#Year","@value":"1910"},"time:hasTRS":{"id":"http://www.opengis.net/def/uom/ISO-8601/0/Gregorian"},"time:unitType":{"id":"time:unitYear"}},"time:inXSDDateTimeStamp":{"type":"http://www.w3.org/2001/XMLSchema#dateTimeStamp","@value":"1910-01-01T00:00:00Z"}},"startDate":{"type":["time:Instant"],"time:inDateTime":{"type":["time:DateTimeDescription"],"time:year":{"type":"http://www.w3.org/2001/XMLSchema#Year","@value":"1901"},"time:hasTRS":{"id":"http://www.opengis.net/def/uom/ISO-8601/0/Gregorian"},"time:unitType":{"id":"time:unitYear"}},"time:inXSDDateTimeStamp":{"type":"http://www.w3.org/2001/XMLSchema#dateTimeStamp","@value":"1901-01-01T00:00:00Z"}},"carriedOutBy":"https://id.oclc.org/worldcat/entity/E39PBJrCgR6J4fdyqdpMmT8DMP"},{"type":["Role"],"endDate":{"type":["time:Instant"],"time:inDateTime":{"type":["time:DateTimeDescription"],"time:year":{"type":"http://www.w3.org/2001/XMLSchema#Year","@value":"1916"},"time:hasTRS":{"id":"http://www.opengis.net/def/uom/ISO-8601/0/Gregorian"},"time:unitType":{"id":"time:unitYear"}},"time:inXSDDateTimeStamp":{"type":"http://www.w3.org/2001/XMLSchema#dateTimeStamp","@value":"1916-01-01T00:00:00Z"}},"startDate":{"type":["time:Instant"],"time:inDateTime":{"type":["time:DateTimeDescription"],"time:year":{"type":"http://www.w3.org/2001/XMLSchema#Year","@value":"1910"},"time:hasTRS":{"id":"http://www.opengis.net/def/uom/ISO-8601/0/Gregorian"},"time:unitType":{"id":"time:unitYear"}},"time:inXSDDateTimeStamp":{"type":"http://www.w3.org/2001/XMLSchema#dateTimeStamp","@value":"1910-01-01T00:00:00Z"}},"carriedOutBy":"https://id.oclc.org/worldcat/entity/E39PBJmHKcCfJ9GycW8KTmqJDq"}],"image":["https://www.wikidata.org/wiki/Q15070966#/media/File:JEClarke.jpg"],"relatedPerson":["https://id.oclc.org/worldcat/entity/E39PBJhX6FpHDmMcB8yJqYGWDq","https://id.oclc.org/worldcat/entity/E39PBJy4dGggXyYc3RVbxkgFrq","https://id.oclc.org/worldcat/entity/E39PBJth7QjCgQxG3JhxhqT4MP","https://id.oclc.org/worldcat/entity/E39PBJyhhtqf6W7bjPTdVX8t8C"],"relatedOrganization":["https://id.oclc.org/worldcat/entity/E39QH7JmpqKtxrvHyR74HX7MJt","https://id.oclc.org/worldcat/entity/E39QQPVp7PkXhvrP9j3mKrpp7R","https://id.oclc.org/worldcat/entity/E39QH7JmpkBgm49Bd7fV8KjvTR","https://id.oclc.org/worldcat/entity/E39QH7JmpWHbpKpFRXcQJ8DWvR","https://id.oclc.org/worldcat/entity/E39QH7JmpWmDPm6TBRYqcTfCGR"],"memberOf":["https://id.oclc.org/worldcat/entity/E39QQPVp7TX3GjbbqvVKQK7MJt"],"placeOfBirth":["https://id.oclc.org/worldcat/entity/E39QbtfRqCmrFvXm9Y9FMJRtfY"],"placeOfDeath":["https://id.oclc.org/worldcat/entity/E39QbtfRjq8XHXQk4tF3QtTbqp"],"residence":["https://id.oclc.org/worldcat/entity/E39PBJp9y6GQFKwJX4GJvrckjC","https://id.oclc.org/worldcat/entity/E39QbtfRjq8XHXQk4tF3QtTbqp"],"@context":"https://id.oclc.org/api/context.json","id":"https://id.oclc.org/worldcat/entity/E39PBJvMDDb948yCrfWKyDGPwC","dateOfBirth":[{"type":["time:Instant"],"time:inDateTime":{"type":["time:DateTimeDescription"],"time:year":{"type":"http://www.w3.org/2001/XMLSchema#gYear","@value":"1827"},"time:hasTRS":{"id":"http://www.opengis.net/def/uom/ISO-8601/0/Gregorian"},"time:unitType":{"id":"time:unitYear"}},"time:inXSDDateTimeStamp":{"type":"http://www.w3.org/2001/XMLSchema#dateTimeStamp","@value":"1827-01-01T00:00:00Z"}}],"dateOfDeath":[{"type":["time:Instant"],"time:inDateTime":{"type":["time:DateTimeDescription"],"time:year":{"type":"http://www.w3.org/2001/XMLSchema#gYear","@value":"1920"},"time:hasTRS":{"id":"http://www.opengis.net/def/uom/ISO-8601/0/Gregorian"},"time:unitType":{"id":"time:unitYear"}},"time:inXSDDateTimeStamp":{"type":"http://www.w3.org/2001/XMLSchema#dateTimeStamp","@value":"1920-01-01T00:00:00Z"}}],"prefLabel":{"af":"John Erskine Clarke","an":"John Erskine Clarke","bm":"John Erskine Clarke","br":"John Erskine Clarke","ca":"John Erskine Clarke","co":"John Erskine Clarke","cs":"John Erskine Clarke","cy":"John Erskine Clarke","da":"John Erskine Clarke","de":"John Erskine Clarke","en":"John Erskine Clarke","eo":"John Erskine Clarke","es":"John Erskine Clarke","et":"John Erskine Clarke","eu":"John Erskine Clarke","fi":"John Erskine Clarke","fr":"John Erskine Clarke","ga":"John Erskine Clarke","gd":"John Erskine Clarke","gl":"John Erskine Clarke","hr":"John Erskine Clarke","hu":"John Erskine Clarke","ia":"John Erskine Clarke","id":"John Erskine Clarke","ie":"John Erskine Clarke","io":"John Erskine Clarke","it":"John Erskine Clarke","kg":"John Erskine Clarke","lb":"John Erskine Clarke","li":"John Erskine Clarke","lt":"John Erskine Clarke","mg":"John Erskine Clarke","mi":"John Erskine Clarke","ms":"John Erskine Clarke","nb":"John Erskine Clarke","nl":"John Erskine Clarke","nn":"John Erskine Clarke","oc":"John Erskine Clarke","pl":"John Erskine Clarke","pt":"John Erskine Clarke","rm":"John Erskine Clarke","ro":"John Erskine Clarke","sc":"John Erskine Clarke","sk":"John Erskine Clarke","sl":"John Erskine Clarke","sq":"John Erskine Clarke","sv":"John Erskine Clarke","sw":"John Erskine Clarke","tr":"John Erskine Clarke","vi":"John Erskine Clarke","vo":"John Erskine Clarke","wa":"John Erskine Clarke","wo":"John Erskine Clarke","zu":"John Erskine Clarke","arz":"جون ارسكين كلارك","ast":"John Erskine Clarke","bar":"John Erskine Clarke","frc":"John Erskine Clarke","frp":"John Erskine Clarke","fur":"John Erskine Clarke","gsw":"John Erskine Clarke","jam":"John Erskine Clarke","kab":"John Erskine Clarke","lij":"John Erskine Clarke","min":"John Erskine Clarke","nap":"John Erskine Clarke","nds":"John Erskine Clarke","nrm":"John Erskine Clarke","pap":"John Erskine Clarke","pcd":"John Erskine Clarke","pms":"John Erskine Clarke","prg":"John Erskine Clarke","rgn":"John Erskine Clarke","scn":"John Erskine Clarke","sco":"John Erskine Clarke","vec":"John Erskine Clarke","vls":"John Erskine Clarke","vmf":"John Erskine Clarke","de-at":"John Erskine Clarke","de-ch":"John Erskine Clarke","en-ca":"John Erskine Clarke","en-gb":"John Erskine Clarke","pt-br":"John Erskine Clarke","sr-el":"John Erskine Clarke","nds-nl":"John Erskine Clarke"},"givenName":{"en":["John"]},"surname":{"en":["Clarke"]},"language":["http://id.loc.gov/vocabulary/languages/eng"],"type":["Person"],"description":{"ar":"مُجدّف من المملكة المتحدة","de":"britischer Ruderer","en":"British Anglican clergyman, religious publisher and rower","es":"remero británico","fr":"rameur britannique","ga":"iomróir Briotanach","it":"canottiere britannico","nl":"Brits roeier (1827-1920)","pl":"brytyjski wioślarz","arz":"مجدف من المملكه المتحده لبريطانيا العظمى و ايرلاندا"}}