{"sameAs":["http://viaf.org/viaf/74022344","http://id.worldcat.org/fast/36697","http://www.wikidata.org/entity/Q660917","https://isni.org/isni/0000000121396487","http://id.loc.gov/authorities/names/n79060706","http://d-nb.info/gnd/118522639","https://data.bnf.fr/ark:/12148/cb135952540","https://data.bnf.fr/ark:/12148/cb13595254","http://id.ndl.go.jp/auth/ndlna/00465049","http://datos.bne.es/resource/XX1091215","http://vocab.getty.edu/ulan/500014587","http://vocab.getty.edu/ulan/500014587-agent","http://www.idref.fr/052557146","http://lod.nl.go.kr/resource/KAC2018O0695","http://lod.nl.go.kr/resource/KAC200903776","http://data.bibliotheken.nl/doc/thes/p067494579","http://libris.kb.se/resource/auth/173407"],"bf:identifiedBy":[{"type":["bf:Identifier"],"rdf:value":"a11634674","rdfs:label":"BNC ID"},{"type":["bf:Identifier"],"rdf:value":"n99054613","rdfs:label":"NUKAT ID"},{"type":["bf:Identifier"],"rdf:value":"jn19990001531","rdfs:label":"NKC ID"},{"type":["bf:Identifier"],"rdf:value":"000420226","rdfs:label":"NLI ID"},{"type":["bf:Identifier"],"rdf:value":"9810611938705606","rdfs:label":"PLWABN ID"},{"type":["bf:Identifier"],"rdf:value":"35031991","rdfs:label":"NLA ID"},{"type":["bf:Identifier"],"rdf:value":"987007279864705171","rdfs:label":"J9U ID"},{"type":["bf:Identifier"],"rdf:value":"237925731","rdfs:label":"SIMACOB ID"}],"sibling":["https://id.oclc.org/worldcat/entity/E39PBJxRHYcWmhDKpkc3TVkhpP","https://id.oclc.org/worldcat/entity/E39PBJwtjmgb8jF8WyD3pdWCcP"],"placeOfBirth":["https://id.oclc.org/worldcat/entity/E39PBJtrRycHmWFfDdbbpf9MT3"],"placeOfDeath":["https://id.oclc.org/worldcat/entity/E39PBJtrV774vgvm3hGftg7bVC"],"@context":"https://id.oclc.org/api/context.json","id":"https://id.oclc.org/worldcat/entity/E39PBJyGRxYBXvDbyJkYFd9kXd","dateOfBirth":[{"type":["time:Instant"],"time:inDateTime":{"type":["time:DateTimeDescription"],"time:day":{"type":"http://www.w3.org/2001/XMLSchema#gDay","@value":"----15"},"time:year":{"type":"http://www.w3.org/2001/XMLSchema#gYear","@value":"1845"},"time:month":{"type":"http://www.w3.org/2001/XMLSchema#gMonth","@value":"--08"},"time:hasTRS":{"id":"http://www.opengis.net/def/uom/ISO-8601/0/Gregorian"},"time:unitType":{"id":"time:unitDay"}},"time:inXSDDateTimeStamp":{"type":"http://www.w3.org/2001/XMLSchema#dateTimeStamp","@value":"1845-08-15T00:00:00Z"}}],"dateOfDeath":[{"type":["time:Instant"],"time:inDateTime":{"type":["time:DateTimeDescription"],"time:day":{"type":"http://www.w3.org/2001/XMLSchema#gDay","@value":"----14"},"time:year":{"type":"http://www.w3.org/2001/XMLSchema#gYear","@value":"1915"},"time:month":{"type":"http://www.w3.org/2001/XMLSchema#gMonth","@value":"--03"},"time:hasTRS":{"id":"http://www.opengis.net/def/uom/ISO-8601/0/Gregorian"},"time:unitType":{"id":"time:unitDay"}},"time:inXSDDateTimeStamp":{"type":"http://www.w3.org/2001/XMLSchema#dateTimeStamp","@value":"1915-03-14T00:00:00Z"}}],"prefLabel":{"af":"Walter Crane","br":"Walter Crane","ca":"Walter Crane","cy":"Walter Crane","da":"Walter Crane","de":"Walter Crane","el":"Γουόλτερ Κρέιν","en":"Walter Crane","es":"Walter Crane","et":"Walter Crane","fa":"والتر کران","fi":"Walter Crane","fr":"Walter Crane","ga":"Walter Crane","gl":"Walter Crane","he":"וולטר קריין","hu":"Walter Crane","hy":"Ուոլտեր Քրեյն","id":"Walter Crane","it":"Walter Crane","ja":"ウォルター・クレイン","nb":"Walter Crane","nl":"Walter Crane","nn":"Walter Crane","pl":"Walter Crane","pt":"Walter Crane","ro":"Walter Crane","ru":"Крейн, Уолтер","sc":"Walter Crane","sl":"Walter Crane","sq":"Walter Crane","sv":"Walter Crane","tr":"Walter Crane","uk":"Волтер Крейн","zh":"華特·克藍","ast":"Walter Crane","de-ch":"Walter Crane","en-ca":"Walter Crane","en-gb":"Walter Crane","pt-br":"Walter Crane"},"altLabel":{"af":["W. Crane"],"br":["W. Crane"],"ca":["W. Crane"],"cy":["W. Crane"],"da":["W. Crane"],"de":["W. Crane"],"en":["Walter Crane"],"es":["W. Crane"],"fr":["W. Crane"],"ga":["W. Crane"],"gl":["W. Crane"],"it":["W. Crane"],"nb":["W. Crane"],"nl":["W. Crane"],"pt":["W. Crane"],"ru":["Уолтер Крейн"],"sv":["W. Crane"],"tr":["W. Crane"],"zh":["沃尔特·克莱恩"]},"type":["Person"],"description":{"ar":"فنان بريطاني","bn":"ব্রিটিশ শিল্পী","ca":"artista britànic","de":"englischer Maler","el":"Άγγλος καλλιτέχνης","en":"British artist (1845-1915)","es":"artista británico","et":"Suurbritannia kunstnik","fa":"نقاش بریتانیایی","fr":"artiste britannique","gl":"artista británico","he":"אמן ומאייר בריטי","hy":"բրիտանացի նկարչուհի","it":"pittore e illustratore inglese","nl":"Brits kunstschilder","ro":"artist britanic","ru":"британский художник","sq":"artist britanik","sv":"brittisk konstnär","en-ca":"British artist","en-gb":"British artist"}}