{"sameAs":["http://viaf.org/viaf/14621268","http://www.wikidata.org/entity/Q18325218","https://isni.org/isni/0000000115981559","http://id.loc.gov/authorities/names/nr90022102","http://d-nb.info/gnd/1037510550","https://data.bnf.fr/ark:/12148/cb17740910z","https://data.bnf.fr/ark:/12148/cb17740910","http://datos.bne.es/resource/XX4895801","http://www.idref.fr/152293418","http://data.bibliotheken.nl/doc/thes/p069572755"],"bf:identifiedBy":[{"type":["bf:Identifier"],"rdf:value":"000524730","rdfs:label":"NLI ID"},{"type":["bf:Identifier"],"rdf:value":"987007293999305171","rdfs:label":"J9U ID"}],"sibling":["https://id.oclc.org/worldcat/entity/E39PBJhRMGVHttXypQFbP3Tyh3"],"@context":"https://id.oclc.org/api/context.json","id":"https://id.oclc.org/worldcat/entity/E39PBJdRBt4vgCq4yfT9G48grq","dateOfBirth":[{"type":["time:Instant"],"time:inDateTime":{"type":["time:DateTimeDescription"],"time:day":{"type":"http://www.w3.org/2001/XMLSchema#gDay","@value":"----10"},"time:year":{"type":"http://www.w3.org/2001/XMLSchema#gYear","@value":"1785"},"time:month":{"type":"http://www.w3.org/2001/XMLSchema#gMonth","@value":"--05"},"time:hasTRS":{"id":"http://www.opengis.net/def/uom/ISO-8601/0/Gregorian"},"time:unitType":{"id":"time:unitDay"}},"time:inXSDDateTimeStamp":{"type":"http://www.w3.org/2001/XMLSchema#dateTimeStamp","@value":"1785-05-10T00:00:00Z"}}],"dateOfDeath":[{"type":["time:Instant"],"time:inDateTime":{"type":["time:DateTimeDescription"],"time:day":{"type":"http://www.w3.org/2001/XMLSchema#gDay","@value":"----13"},"time:year":{"type":"http://www.w3.org/2001/XMLSchema#gYear","@value":"1868"},"time:month":{"type":"http://www.w3.org/2001/XMLSchema#gMonth","@value":"--04"},"time:hasTRS":{"id":"http://www.opengis.net/def/uom/ISO-8601/0/Gregorian"},"time:unitType":{"id":"time:unitDay"}},"time:inXSDDateTimeStamp":{"type":"http://www.w3.org/2001/XMLSchema#dateTimeStamp","@value":"1868-04-13T00:00:00Z"}}],"prefLabel":{"ca":"Samuel Bentley","cy":"Samuel Bentley","de":"Samuel Bentley","en":"Samuel Bentley","es":"Samuel Bentley","fr":"Samuel Bentley","hu":"Samuel Bentley","it":"Samuel Bentley","nl":"Samuel Bentley","sl":"Samuel Bentley","sq":"A. Samuel Bentley","ast":"Samuel Bentley","en-ca":"Samuel Bentley","en-gb":"Samuel Bentley"},"type":["Person"],"description":{"en":"English printer and antiquarian","nl":"drukker uit Koninkrijk Groot-Brittannië (1785-1868)","en-ca":"English printer and antiquarian","en-gb":"English printer and antiquarian"}}