{"sameAs":["http://viaf.org/viaf/69915118","http://id.worldcat.org/fast/55675","http://www.wikidata.org/entity/Q360466","https://isni.org/isni/0000000121384208","http://id.loc.gov/authorities/names/n80067117","http://d-nb.info/gnd/11867742X","https://data.bnf.fr/ark:/12148/cb122850250","http://id.ndl.go.jp/auth/ndlna/00620540","http://datos.bne.es/resource/XX1218712","http://vocab.getty.edu/ulan/500115604","http://vocab.getty.edu/ulan/500115604-agent","https://livedata.bibsys.no/authority/90739126","http://www.idref.fr/031681409","http://data.bibliotheken.nl/doc/thes/p068343272","http://id.bnportugal.gov.pt/aut/catbnp/68052","http://libris.kb.se/resource/auth/260643"],"bf:identifiedBy":[{"type":["bf:Identifier"],"rdf:value":"A10857989","rdfs:label":"NLP ID"},{"type":["bf:Identifier"],"rdf:value":"ADV10067941","rdfs:label":"BAV ID"},{"type":["bf:Identifier"],"rdf:value":"n99708183","rdfs:label":"NUKAT ID"},{"type":["bf:Identifier"],"rdf:value":"pna2006362471","rdfs:label":"NKC ID"},{"type":["bf:Identifier"],"rdf:value":"000035832","rdfs:label":"NLI ID"},{"type":["bf:Identifier"],"rdf:value":"9810667493605606","rdfs:label":"PLWABN ID"},{"type":["bf:Identifier"],"rdf:value":"35032463","rdfs:label":"NLA ID"},{"type":["bf:Identifier"],"rdf:value":"987007260111105171","rdfs:label":"J9U ID"},{"type":["bf:Identifier"],"rdf:value":"43779683","rdfs:label":"SIMACOB ID"}],"sibling":["https://id.oclc.org/worldcat/entity/E39PBJcrdVDT9hCr4XDppxkdQq"],"placeOfBirth":["https://id.oclc.org/worldcat/entity/E39PBJp68ckpMtKGHPFWQrwDMP"],"placeOfDeath":["https://id.oclc.org/worldcat/entity/E39PBJp68ckpMtKGHPFWQrwDMP"],"@context":"https://id.oclc.org/api/context.json","id":"https://id.oclc.org/worldcat/entity/E39PBJkXCdkyfKw44TpgghjjYP","dateOfBirth":[{"type":["time:Instant"],"time:inDateTime":{"type":["time:DateTimeDescription"],"time:day":{"type":"http://www.w3.org/2001/XMLSchema#gDay","@value":"----27"},"time:year":{"type":"http://www.w3.org/2001/XMLSchema#gYear","@value":"1792"},"time:month":{"type":"http://www.w3.org/2001/XMLSchema#gMonth","@value":"--09"},"time:hasTRS":{"id":"http://www.opengis.net/def/uom/ISO-8601/0/Gregorian"},"time:unitType":{"id":"time:unitDay"}},"time:inXSDDateTimeStamp":{"type":"http://www.w3.org/2001/XMLSchema#dateTimeStamp","@value":"1792-09-27T00:00:00Z"}}],"dateOfDeath":[{"type":["time:Instant"],"time:inDateTime":{"type":["time:DateTimeDescription"],"time:day":{"type":"http://www.w3.org/2001/XMLSchema#gDay","@value":"----01"},"time:year":{"type":"http://www.w3.org/2001/XMLSchema#gYear","@value":"1878"},"time:month":{"type":"http://www.w3.org/2001/XMLSchema#gMonth","@value":"--02"},"time:hasTRS":{"id":"http://www.opengis.net/def/uom/ISO-8601/0/Gregorian"},"time:unitType":{"id":"time:unitDay"}},"time:inXSDDateTimeStamp":{"type":"http://www.w3.org/2001/XMLSchema#dateTimeStamp","@value":"1878-02-01T00:00:00Z"}}],"prefLabel":{"ar":"جورج كروكشانك","ca":"George Cruikshank","cs":"George Cruikshank","cy":"George Cruikshank","da":"George Cruikshank","de":"George Cruikshank","en":"George Cruikshank","eo":"George Cruikshank","es":"George Cruikshank","fa":"جورج کروکشنک","fi":"George Cruikshank","fr":"George Cruikshank","he":"ג'ורג' קרוקשנק","hu":"George Cruikshank","id":"George Cruikshank","it":"George Cruikshank","ja":"ジョージ・クルックシャンク","nb":"George Cruikshank","nl":"George Cruikshank","nn":"George Cruikshank","os":"Крукшенк","pl":"George Cruikshank","pt":"George Cruikshank","ro":"George Cruikshank","ru":"Джордж Крукшенк","sh":"George Cruikshank","sl":"George Cruikshank","sq":"George Cruikshank","sv":"George Cruikshank","uk":"Джордж Крукшенк","zh":"克魯克香克","arz":"جورج كروكشانك","ast":"George Cruikshank","pt-br":"George Cruikshank","zh-cn":"克鲁克香克","zh-hk":"克魯克香克","zh-sg":"克鲁克香克","zh-tw":"克魯克香克","zh-hans":"克鲁克香克","zh-hant":"克魯克香克"},"altLabel":{"en":["George Cruikshank","george cruikshank","George Cruickshank","George, I Cruickshank","George, I Cruikshank","Cruickshank","cruikshank"],"fa":["جرج کروکشنک"],"ja":["クルックシャンク"],"nl":["George Cruickshank","G. Cruickshank"],"os":["Джордж Крукшенк"],"ru":["Крукшенк, Джордж","Крукшенк"],"sh":["Džordž Krukšenk","Cruikshank"],"sv":["Cruikshank"]},"type":["Person"],"description":{"de":"britischer Karikaturist und Illustrator","en":"British caricaturist and book illustrator; (1792-1878)","es":"Caricaturista e ilustrador inglés","fr":"caricaturiste et illustrateur britannique","it":"illustratore britannico","nl":"Brits karikaturist (1792-1878)"}}