{"sameAs":["http://viaf.org/viaf/54219103","http://id.worldcat.org/fast/14725","http://www.wikidata.org/entity/Q2737410","https://isni.org/isni/0000000081327611","http://id.loc.gov/authorities/names/n50042827","http://d-nb.info/gnd/11866025X","https://data.bnf.fr/ark:/12148/cb12285027p","http://datos.bne.es/resource/XX1046541","http://vocab.getty.edu/ulan/500018295","http://vocab.getty.edu/ulan/500018295-agent","http://www.idref.fr/032278977","http://data.bibliotheken.nl/doc/thes/p068524552","http://id.bnportugal.gov.pt/aut/catbnp/178131","http://libris.kb.se/resource/auth/179366"],"bf:identifiedBy":[{"type":["bf:Identifier"],"rdf:value":"ADV12114185","rdfs:label":"BAV ID"},{"type":["bf:Identifier"],"rdf:value":"a11033502","rdfs:label":"BNC ID"},{"type":["bf:Identifier"],"rdf:value":"n98702930","rdfs:label":"NUKAT ID"},{"type":["bf:Identifier"],"rdf:value":"jn19981000336","rdfs:label":"NKC ID"},{"type":["bf:Identifier"],"rdf:value":"000025595","rdfs:label":"NLI ID"},{"type":["bf:Identifier"],"rdf:value":"9810702503505606","rdfs:label":"PLWABN ID"},{"type":["bf:Identifier"],"rdf:value":"36433249","rdfs:label":"NLA ID"},{"type":["bf:Identifier"],"rdf:value":"987007259112705171","rdfs:label":"J9U ID"},{"type":["bf:Identifier"],"rdf:value":"9039971","rdfs:label":"SIMACOB ID"}],"placeOfBirth":["https://id.oclc.org/worldcat/entity/E39PBJgXgPQF3TQg3RtbqWXjmd"],"placeOfDeath":["https://id.oclc.org/worldcat/entity/E39PBJp9pkFvhXJcJgkRMpV9jC"],"@context":"https://id.oclc.org/api/context.json","id":"https://id.oclc.org/worldcat/entity/E39PBJdmjYvKct8FbbjhcWPG73","dateOfBirth":[{"type":["time:Instant"],"time:inDateTime":{"type":["time:DateTimeDescription"],"time:day":{"type":"http://www.w3.org/2001/XMLSchema#gDay","@value":"----12"},"time:year":{"type":"http://www.w3.org/2001/XMLSchema#gYear","@value":"1815"},"time:month":{"type":"http://www.w3.org/2001/XMLSchema#gMonth","@value":"--07"},"time:hasTRS":{"id":"http://www.opengis.net/def/uom/ISO-8601/0/Gregorian"},"time:unitType":{"id":"time:unitDay"}},"time:inXSDDateTimeStamp":{"type":"http://www.w3.org/2001/XMLSchema#dateTimeStamp","@value":"1815-07-12T00:00:00Z"}}],"dateOfDeath":[{"type":["time:Instant"],"time:inDateTime":{"type":["time:DateTimeDescription"],"time:day":{"type":"http://www.w3.org/2001/XMLSchema#gDay","@value":"----08"},"time:year":{"type":"http://www.w3.org/2001/XMLSchema#gYear","@value":"1882"},"time:month":{"type":"http://www.w3.org/2001/XMLSchema#gMonth","@value":"--07"},"time:hasTRS":{"id":"http://www.opengis.net/def/uom/ISO-8601/0/Gregorian"},"time:unitType":{"id":"time:unitDay"}},"time:inXSDDateTimeStamp":{"type":"http://www.w3.org/2001/XMLSchema#dateTimeStamp","@value":"1882-07-08T00:00:00Z"}}],"prefLabel":{"af":"Hablot Knight Browne","be":"Хеблат Найт Броўн","br":"Hablot Knight Browne","ca":"Hablot Knight Browne","cs":"H. K.(Hablot Knight) Browne","cy":"Hablot Knight Browne","da":"Hablot Knight Browne","de":"Hablot Knight Browne","en":"Hablot Knight Browne","eo":"Hablot Knight Browne","es":"Hablot Knight Browne","fr":"Hablot Knight Browne","ga":"Hablot Knight Browne","gl":"Hablot Knight Browne","he":"האבלט נייט בראון","hu":"Hablot Knight Browne","hy":"Հելբոտ Նայթ Բրաուն","id":"Hablot Knight Browne","it":"Hablot Knight Browne","ja":"ハブロット・K・ブラウン","nb":"Hablot Knight Browne","nl":"Hablot Knight Browne","nn":"Hablot Knight Browne","pl":"Hablot Knight Browne","pt":"Hablot Knight Browne","ru":"Хэблот Найт Браун","sl":"Hablot Knight Browne","sq":"Hablot Knight Browne","sv":"Hablot Knight Browne","tr":"Hablot Knight Browne","zh":"哈布羅特·奈特·布朗","pt-br":"Hablot Knight Browne","be-tarask":"Гэблат Найт Броўн"},"altLabel":{"af":["H. K. Browne","Phiz","Hablot K. Browne"],"br":["Phiz","Hablot K. Browne","H. K. Browne"],"ca":["Hablot K. Browne","Phiz","H. K. Browne"],"cs":["Phiz"],"cy":["H. K. Browne","Hablot K. Browne","Phiz"],"da":["Hablot K. Browne","H. K. Browne","Phiz"],"de":["Hablot K. Browne","Phiz","H. K. Browne"],"en":["Hablot Knight Browne","Phiz","Hablot K. Browne","Phiz Browne","h. k. browne"],"es":["H. K. Browne","Phiz","Hablot K. Browne"],"fr":["Phiz","Hablot K. Browne","H. K. Browne"],"ga":["H. K. Browne","Phiz","Hablot K. Browne"],"gl":["Phiz","Hablot K. Browne","H. K. Browne"],"he":["האבלט נייט בראון"],"it":["Hablot Knight Browne","Phiz","Hablot K. Browne","H. K. Browne"],"ja":["ハブロット・ナイト・ブラウン"],"nb":["Phiz","Hablot K. Browne","H. K. Browne"],"nl":["Phiz","Hablot K. Browne","H. K. Browne"],"pt":["Hablot K. Browne","Phiz","H. K. Browne"],"ru":["Хэблот Найт Браун"],"sv":["Phiz","H. K. Browne","Browne, Hablot Knight","Hablot K. Browne"],"tr":["Hablot K. Browne","H. K. Browne","Phiz"]},"type":["Person"],"description":{"ar":"فنان بريطاني","bn":"ব্রিটিশ শিল্পী","ca":"artista britànic","de":"englischer Illustrator","en":"British artist (1815-1882)","es":"artista británico","et":"Suurbritannia kunstnik","fr":"artiste britannique","gl":"artista británico","he":"אמן בריטי","it":"illustratore britannico","nl":"Brits karikaturist (1815-1882)","ro":"artist britanic","ru":"английский художник-иллюстратор","sq":"artist britanik","en-ca":"British artist","en-gb":"British artist","be-tarask":"ангельскі гравёр"}}