{"sameAs":["http://viaf.org/viaf/1730149198285974940003","http://id.worldcat.org/fast/381742","http://www.wikidata.org/entity/Q18600474","https://isni.org/isni/0000000066384650","http://id.loc.gov/authorities/names/nr96033820","http://vocab.getty.edu/ulan/500004177","http://vocab.getty.edu/ulan/500004177-agent","http://data.bibliotheken.nl/doc/thes/p067769462"],"bf:identifiedBy":[{"type":["bf:Identifier"],"rdf:value":"n2012171540","rdfs:label":"NUKAT ID"},{"type":["bf:Identifier"],"rdf:value":"000530268","rdfs:label":"NLI ID"},{"type":["bf:Identifier"],"rdf:value":"987007291931005171","rdfs:label":"J9U ID"}],"child":["https://id.oclc.org/worldcat/entity/E39PBJbM3rTBJtQqcvHKFG78md"],"placeOfBirth":["https://id.oclc.org/worldcat/entity/E39PBJp68ckpMtKGHPFWQrwDMP"],"placeOfDeath":["https://id.oclc.org/worldcat/entity/E39PBJp68ckpMtKGHPFWQrwDMP"],"@context":"https://id.oclc.org/api/context.json","id":"https://id.oclc.org/worldcat/entity/E39PBJyhhtqf6W7bjPTdVX8t8C","dateOfBirth":[{"type":["time:Instant"],"time:inDateTime":{"type":["time:DateTimeDescription"],"time:day":{"type":"http://www.w3.org/2001/XMLSchema#gDay","@value":"----24"},"time:year":{"type":"http://www.w3.org/2001/XMLSchema#gYear","@value":"1794"},"time:month":{"type":"http://www.w3.org/2001/XMLSchema#gMonth","@value":"--09"},"time:hasTRS":{"id":"http://www.opengis.net/def/uom/ISO-8601/0/Gregorian"},"time:unitType":{"id":"time:unitDay"}},"time:inXSDDateTimeStamp":{"type":"http://www.w3.org/2001/XMLSchema#dateTimeStamp","@value":"1794-09-24T00:00:00Z"}}],"dateOfDeath":[{"type":["time:Instant"],"time:inDateTime":{"type":["time:DateTimeDescription"],"time:day":{"type":"http://www.w3.org/2001/XMLSchema#gDay","@value":"----18"},"time:year":{"type":"http://www.w3.org/2001/XMLSchema#gYear","@value":"1879"},"time:month":{"type":"http://www.w3.org/2001/XMLSchema#gMonth","@value":"--12"},"time:hasTRS":{"id":"http://www.opengis.net/def/uom/ISO-8601/0/Gregorian"},"time:unitType":{"id":"time:unitDay"}},"time:inXSDDateTimeStamp":{"type":"http://www.w3.org/2001/XMLSchema#dateTimeStamp","@value":"1879-12-18T00:00:00Z"}}],"prefLabel":{"bn":"হেনরি ওয়ারেন","ca":"Henry Warren","cy":"Henry Warren","da":"Henry Warren","de":"Henry Warren","en":"Henry Warren","es":"Henry Warren","fr":"Henry Warren","it":"Henry Warren","nl":"Henry Warren","pt":"Henry Warren","ru":"Генри Уоррен","sl":"Henry Warren","sq":"A. Henry Warren","sv":"Henry Warren","ast":"Henry Warren","sco":"Henry Warren","en-gb":"Henry Warren","pt-br":"Henry Warren"},"type":["Person"],"description":{"en":"English painter and illustrator (1794–1879)","it":"pittore e illustratore inglese","nl":"kunstschilder uit Koninkrijk Groot-Brittannië (1794-1879)","en-gb":"English painter and illustrator (1794–1879)"}}