{"sameAs":["http://viaf.org/viaf/53186809","http://www.wikidata.org/entity/Q5331701","https://isni.org/isni/0000000063782493","http://id.loc.gov/authorities/names/n86828514","http://d-nb.info/gnd/1041369077"],"bf:identifiedBy":[{"type":["bf:Identifier"],"rdf:value":"35202216","rdfs:label":"NLA ID"}],"child":["https://id.oclc.org/worldcat/entity/E39PBJbCM9XtGDjPDwMGphVpyd"],"@context":"https://id.oclc.org/api/context.json","id":"https://id.oclc.org/worldcat/entity/E39PBJjxpYDbv49947XyyTx4bd","dateOfBirth":[{"type":["time:Instant"],"time:inDateTime":{"type":["time:DateTimeDescription"],"time:year":{"type":"http://www.w3.org/2001/XMLSchema#gYear","@value":"1808"},"time:hasTRS":{"id":"http://www.opengis.net/def/uom/ISO-8601/0/Gregorian"},"time:unitType":{"id":"time:unitYear"}},"time:inXSDDateTimeStamp":{"type":"http://www.w3.org/2001/XMLSchema#dateTimeStamp","@value":"1808-01-01T00:00:00Z"}}],"dateOfDeath":[{"type":["time:Instant"],"time:inDateTime":{"type":["time:DateTimeDescription"],"time:year":{"type":"http://www.w3.org/2001/XMLSchema#gYear","@value":"1860"},"time:hasTRS":{"id":"http://www.opengis.net/def/uom/ISO-8601/0/Gregorian"},"time:unitType":{"id":"time:unitYear"}},"time:inXSDDateTimeStamp":{"type":"http://www.w3.org/2001/XMLSchema#dateTimeStamp","@value":"1860-01-01T00:00:00Z"}}],"prefLabel":{"ca":"Ebenezer Landells","de":"Ebenezer Landells","en":"Ebenezer Landells","es":"Ebenezer Landells","fr":"Ebenezer Landells","ja":"エベネザー・ランデルス","nl":"Ebenezer Landells","sl":"Ebenezer Landells","sq":"Ebenezer Landells","arz":"ابينيزير لانديلس","ast":"Ebenezer Landells"},"type":["Person"],"description":{"ar":"فنان بريطاني","bn":"ব্রিটিশ শিল্পী","ca":"artista britànic","en":"British artist","es":"artista británico","et":"Suurbritannia kunstnik","fr":"artiste britannique","gl":"artista británico","he":"אמן בריטי","it":"artista inglese","nl":"kunstenaar uit Verenigd Koninkrijk van Groot-Brittannië en Ierland (-1860)","ro":"artist britanic","sq":"artist britanik","en-ca":"British artist","en-gb":"British artist"}}