{"sameAs":["http://viaf.org/viaf/265340794","http://id.worldcat.org/fast/33612","http://www.wikidata.org/entity/Q20875","https://isni.org/isni/0000000382696461","http://id.loc.gov/authorities/names/n79039821","http://d-nb.info/gnd/118528955","https://data.bnf.fr/ark:/12148/cb12309317p","http://id.ndl.go.jp/auth/ndlna/001123056","http://datos.bne.es/resource/XX954611","http://vocab.getty.edu/ulan/500023438","http://vocab.getty.edu/ulan/500023438-agent","https://livedata.bibsys.no/authority/90595219","http://www.idref.fr/031976077","http://data.nlg.gr/resource/authority/A85305","http://data.bibliotheken.nl/doc/thes/p070464766","https://livedata.bibsys.no/authority/90595219","http://libris.kb.se/resource/auth/207197"],"bf:identifiedBy":[{"type":["bf:Identifier"],"rdf:value":"A11876864","rdfs:label":"NLP ID"},{"type":["bf:Identifier"],"rdf:value":"0000019593","rdfs:label":"B2Q ID"},{"type":["bf:Identifier"],"rdf:value":"ADV12133068","rdfs:label":"BAV ID"},{"type":["bf:Identifier"],"rdf:value":"000197405","rdfs:label":"BLBND ID"},{"type":["bf:Identifier"],"rdf:value":"a11246303","rdfs:label":"BNC ID"},{"type":["bf:Identifier"],"rdf:value":"n01056457","rdfs:label":"NUKAT ID"},{"type":["bf:Identifier"],"rdf:value":"ncf10172288","rdfs:label":"CAOONL ID"},{"type":["bf:Identifier"],"rdf:value":"LNB:Hfy;=B3","rdfs:label":"LIH ID"},{"type":["bf:Identifier"],"rdf:value":"jn20030212003","rdfs:label":"NKC ID"},{"type":["bf:Identifier"],"rdf:value":"000042345","rdfs:label":"NLI ID"},{"type":["bf:Identifier"],"rdf:value":"9810653184305606","rdfs:label":"PLWABN ID"},{"type":["bf:Identifier"],"rdf:value":"000055266","rdfs:label":"UIY ID"},{"type":["bf:Identifier"],"rdf:value":"35057316","rdfs:label":"NLA ID"},{"type":["bf:Identifier"],"rdf:value":"02-A022873431","rdfs:label":"RERO ID"},{"type":["bf:Identifier"],"rdf:value":"987007260628505171","rdfs:label":"J9U ID"}],"child":["https://id.oclc.org/worldcat/entity/E39PBJvt6kwtCjGfDCfj9KTbVC","https://id.oclc.org/worldcat/entity/E39PBJrCdGhxCbQ3RmjWwt9JjC","https://id.oclc.org/worldcat/entity/E39PBJfmrj6WqXrmMy8Qrrjt8C","https://id.oclc.org/worldcat/entity/E39PBJp9r3pXwVvGBRBR99Gyh3","https://id.oclc.org/worldcat/entity/E39PBJmHKcCfJ9GycW8KTmqJDq"],"sibling":["https://id.oclc.org/worldcat/entity/E39PBJkXxY6fQDxY6F9FJMctrq","https://id.oclc.org/worldcat/entity/E39PBJqvY3j6TPcrjFMQbjvrbd","https://id.oclc.org/worldcat/entity/E39PBJgmGkvFXFk464pJTJgFrq","https://id.oclc.org/worldcat/entity/E39PBJmxXrQfqwbxGYkj6fY773","https://id.oclc.org/worldcat/entity/E39PBJhmHg6xrBCQHThyc9yrv3","https://id.oclc.org/worldcat/entity/E39PBJxMmVCPKpPYPMgRh6rwmd","https://id.oclc.org/worldcat/entity/E39PBJkhMQdyJvxPwCtQRkXPQq","https://id.oclc.org/worldcat/entity/E39PBJg8BVmwWmwChyfWwBT8md"],"spouse":[{"id":"https://id.oclc.org/worldcat/entity/E39PBJrCgR6J4fdyqdpMmT8DMP#0ad9db69-3ef3-4e8f-83b9-793ee4ce2645","type":"Role","carriedOutBy":"https://id.oclc.org/worldcat/entity/E39PBJqBw8RpmVHGwbRFdX6qcP"}],"@context":"https://id.oclc.org/api/context.json","id":"https://id.oclc.org/worldcat/entity/E39PBJrCgR6J4fdyqdpMmT8DMP","dateOfBirth":[{"type":["time:Instant"],"time:inDateTime":{"type":["time:DateTimeDescription"],"time:day":{"type":"http://www.w3.org/2001/XMLSchema#gDay","@value":"----09"},"time:year":{"type":"http://www.w3.org/2001/XMLSchema#gYear","@value":"1841"},"time:month":{"type":"http://www.w3.org/2001/XMLSchema#gMonth","@value":"--11"},"time:hasTRS":{"id":"http://www.opengis.net/def/uom/ISO-8601/0/Gregorian"},"time:unitType":{"id":"time:unitDay"}},"time:inXSDDateTimeStamp":{"type":"http://www.w3.org/2001/XMLSchema#dateTimeStamp","@value":"1841-11-09T00:00:00Z"}}],"dateOfDeath":[{"type":["time:Instant"],"time:inDateTime":{"type":["time:DateTimeDescription"],"time:day":{"type":"http://www.w3.org/2001/XMLSchema#gDay","@value":"----06"},"time:year":{"type":"http://www.w3.org/2001/XMLSchema#gYear","@value":"1910"},"time:month":{"type":"http://www.w3.org/2001/XMLSchema#gMonth","@value":"--05"},"time:hasTRS":{"id":"http://www.opengis.net/def/uom/ISO-8601/0/Gregorian"},"time:unitType":{"id":"time:unitDay"}},"time:inXSDDateTimeStamp":{"type":"http://www.w3.org/2001/XMLSchema#dateTimeStamp","@value":"1910-05-06T00:00:00Z"}}],"prefLabel":{"af":"Edward VII van die Verenigde Koninkryk","an":"Eduardo VII d'o Reino Unito","ar":"إدوارد السابع ملك المملكة المتحدة","az":"VII Eduard","be":"Эдуард VII","bg":"Едуард VII","bn":"সপ্তম এডওয়ার্ড","br":"Edouarzh VII","bs":"Eduard VII, kralj Ujedinjenog Kraljevstva","ca":"Eduard VII del Regne Unit","cs":"Eduard VII. Britský","cy":"Edward VII","da":"Edward 7. af Storbritannien","de":"Eduard VII.","el":"Εδουάρδος Ζ΄ του Ηνωμένου Βασιλείου","en":"Edward VII","eo":"Eduardo la 7-a","es":"Eduardo VII","et":"Edward VII","eu":"Eduardo VII.a Erresuma Batukoa","fa":"ادوارد هفتم پادشاهی متحده","fi":"Edvard VII","fo":"Edvard VII av Stórabretlandi","fr":"Édouard VII","ga":"Éadbhard VII na Ríochta Aontaithe","gd":"Eideard VII","gl":"Eduardo VII do Reino Unido","he":"אדוארד השביעי","hi":"एडवर्ड ७","hr":"Edvard VII.","hu":"VII. Eduárd brit király","hy":"Էդուարդ VII","ia":"Eduardo VII del Regno Unite","id":"Edward VII dari Britania Raya","io":"Edward 7ma di Unionita Rejio","is":"Játvarður 7. Bretlandskonungur","it":"Edoardo VII del Regno Unito","ja":"エドワード7世 (イギリス王)","jv":"Edward VII saking Britania Raya","ka":"ედუარდ VII","kk":"Эдуард VII","ko":"에드워드 7세","kw":"Edward VII a'n Rywvaneth Unys","la":"Eduardus VII","lt":"Eduardas VII","lv":"Eduards VII","mk":"Едвард VII","ml":"എഡ്വേർഡ് ഏഴാമൻ","mr":"सातवा एडवर्ड, युनायटेड किंग्डम","ms":"Edward VII dari United Kingdom","my":"သတ္တမမြောက် အက်ဒဝပ်ဘုရင်","nb":"Edvard VII av Storbritannia","nl":"Eduard VII van het Verenigd Koninkrijk","nn":"Edvard VII av Storbritannia","oc":"Edoard VII deu Reiaume Unit","pl":"Edward VII","pt":"Eduardo VII do Reino Unido","ro":"Eduard al VII-lea al Regatului Unit","ru":"Эдуард VII","sa":"एडवर्ड ७","sh":"Edward VII od Ujedinjenog Kraljevstva","si":"එක්සත් රාජධානියෙහි හත්වන එඩ්වඩ් රජ","sk":"Eduard VII.","sl":"Edvard VII. Britanski","sm":"Eteuati VII","sq":"Edward VII","sr":"Едвард VII","sv":"Edvard VII av Storbritannien","th":"สมเด็จพระเจ้าเอ็ดเวิร์ดที่ 7 แห่งสหราชอาณาจักร","tr":"VII. Edward","uk":"Едуард VII","ur":"ایڈورڈ ہشتم","vi":"Edward VII của Anh","zh":"爱德华七世","ang":"Ēadƿeard VII","arz":"إدوارد السابع ملك المملكه المتحده","ast":"Eduardo VII del Reinu Uníu","azb":"یئدینجی ادوارد","bcl":"Eduardo VII kan Reino Unido","frr":"Eduard VII. (Ferianigt Köningrik)","hak":"Oi-tet-fà Chhit-sṳ","mzn":"ادوارد هفتم","nrm":"Douard VII du Rouoyaume Unni","sco":"Edward VII","war":"Edward VII han Reino Unido","wuu":"爱德华七世","de-ch":"Eduard VII.","en-ca":"Edward VII","en-gb":"Edward VII","pt-br":"Eduardo VII do Reino Unido","zh-cn":"爱德华七世","zh-hans":"爱德华七世","zh-hant":"爱德华七世","be-tarask":"Эдўард VII"},"altLabel":{"cy":["Iorwerth VII"],"en":["Edward VII","Albert Edward","Edward VII, King of the United Kingdom of Great Britain and Ireland and of the British Dominions and Emperor of India","Albert Saxe-Coburg-Gotha","Albert Edward Saxe-Coburg-Gotha","Bertie","King Edward VII","Edward, Prince of Wales","Albert Edward, Prince of Wales"],"es":["Eduardo VII del Reino Unido","Alberto Eduardo de Sajonia-Coburgo y Gotha"],"fo":["Edvard VII"],"fr":["Albert Edward"],"hi":["एडवर्ड सप्तम"],"it":["Albert Saxe-Coburg-Gotha","Bertie"],"ja":["アルバート・エドワード","ピースメーカー"],"jv":["Edward VII"],"kk":["VII Эдуард"],"kw":["Edward VII"],"la":["Albertus Eduardus de Gota"],"lv":["Eduards VII Vindzors"],"ms":["Edward VII"],"ro":["Eduard al VII-lea"],"sh":["Edward VII"],"sv":["Edvard VII"],"ur":["اڈورڈ ہفتم"],"vi":["Edward VII"]},"givenName":{"en":["Albert Edward"]},"type":["Person"],"description":{"ar":"ملك المملكة المتحدة ودول الكومنولث وامبراطور الهند","ca":"rei del Regne Unit i emperador de l'Índia","cs":"britský král (1901–1910)","cy":"brenin y Deyrnas Unedig ac ymerawdwr India (1901–1910)","da":"Konge af Det Forenede Kongerige Storbritannien og Irland, Kejser af Indien","de":"König des Vereinigten Königreichs Großbritannien und Irland, Kaiser von Indien (1901–1910)","en":"King of the United Kingdom and the British Dominions, and Emperor of India (1841-1910)","eo":"Brita reĝo (1841 - 1910)","es":"Rey del Reino Unido (1901–1910)","fi":"Yhdistyneen kuningaskunnan kuningas vuosina 1901-1910","fr":"roi du Royaume-Uni (1901–1910)","he":"מלך הממלכה המאוחדת","it":"sovrano britannico (1841-1910)","ja":"サクス＝コバーグ・アンド・ゴータ朝の初代イギリス国王、インド皇帝。アルバート公子とヴィクトリア女王の二子長男。","ml":"യുണൈറ്റഡ് കിംഗ്ഡത്തിലെയും ബ്രിട്ടീഷ് ആധിപത്യത്തിലെയും രാജാവ്, ഇന്ത്യയുടെ ചക്രവർത്തി (1841-1910)","nl":"Koning van het Verenigd Koninkrijk en keizer van Brits-Indië (1841-1910)","pl":"król Anglii","pt":"Rei do Reino Unido e Domínios Britânicos, e Imperador da Índia (1901–1910)","ru":"Король Соединённого Королевства Великобритании и Ирландии, 2-й император Индии","sk":"kráľ Spojeného kráľovstva Veľkej Británie a Írska a cisár Indie","sv":"kung av Storbritannien 1901–1910","uk":"король Великої Британії та британських домініонів, імператор Індії","zh":"英國國王","ang":"Geānede Cynerīċes Grēatre Brytene and Īrlande cyning, Indeas Cāsera (1901–1910)","en-gb":"King of the United Kingdom and the British Dominions, Emperor of India (1901–1910)","be-tarask":"Кароль Ангельшчыны"}}