{"sameAs":["http://viaf.org/viaf/19687125","http://id.worldcat.org/fast/10764","http://www.wikidata.org/entity/Q1364488","https://isni.org/isni/0000000080982876","http://id.loc.gov/authorities/names/n50032151","http://d-nb.info/gnd/121351246","https://data.bnf.fr/ark:/12148/cb14971047m","https://data.bnf.fr/ark:/12148/cb11991804j","http://id.ndl.go.jp/auth/ndlna/00435077","http://datos.bne.es/resource/XX5703808","http://vocab.getty.edu/ulan/500002467","http://vocab.getty.edu/ulan/500002467-agent","http://www.idref.fr/028943082","http://lod.nl.go.kr/resource/KAC200903549","http://data.bibliotheken.nl/doc/thes/p068711786","http://libris.kb.se/resource/auth/182706"],"bf:identifiedBy":[{"type":["bf:Identifier"],"rdf:value":"n2003047291","rdfs:label":"NUKAT ID"},{"type":["bf:Identifier"],"rdf:value":"000407722","rdfs:label":"NLI ID"},{"type":["bf:Identifier"],"rdf:value":"9810641623905606","rdfs:label":"PLWABN ID"},{"type":["bf:Identifier"],"rdf:value":"987007280304405171","rdfs:label":"J9U ID"}],"placeOfBirth":["https://id.oclc.org/worldcat/entity/E39PBJxRw9RtwyGKX8Q4qG34v3"],"placeOfDeath":["https://id.oclc.org/worldcat/entity/E39PBJkT63hGYHjcjDDcdFTWDq"],"@context":"https://id.oclc.org/api/context.json","id":"https://id.oclc.org/worldcat/entity/E39PBJvhkFD7h8XP4P8t8YXcfq","dateOfBirth":[{"type":["time:Instant"],"time:inDateTime":{"type":["time:DateTimeDescription"],"time:day":{"type":"http://www.w3.org/2001/XMLSchema#gDay","@value":"----22"},"time:year":{"type":"http://www.w3.org/2001/XMLSchema#gYear","@value":"1846"},"time:month":{"type":"http://www.w3.org/2001/XMLSchema#gMonth","@value":"--03"},"time:hasTRS":{"id":"http://www.opengis.net/def/uom/ISO-8601/0/Gregorian"},"time:unitType":{"id":"time:unitDay"}},"time:inXSDDateTimeStamp":{"type":"http://www.w3.org/2001/XMLSchema#dateTimeStamp","@value":"1846-03-22T00:00:00Z"}}],"dateOfDeath":[{"type":["time:Instant"],"time:inDateTime":{"type":["time:DateTimeDescription"],"time:day":{"type":"http://www.w3.org/2001/XMLSchema#gDay","@value":"----12"},"time:year":{"type":"http://www.w3.org/2001/XMLSchema#gYear","@value":"1886"},"time:month":{"type":"http://www.w3.org/2001/XMLSchema#gMonth","@value":"--02"},"time:hasTRS":{"id":"http://www.opengis.net/def/uom/ISO-8601/0/Gregorian"},"time:unitType":{"id":"time:unitDay"}},"time:inXSDDateTimeStamp":{"type":"http://www.w3.org/2001/XMLSchema#dateTimeStamp","@value":"1886-02-12T00:00:00Z"}}],"prefLabel":{"be":"Рандальф Калдэкат","br":"Randolph Caldecott","ca":"Randolph Caldecott","cs":"Randolph Caldecott","da":"Randolph Caldecott","de":"Randolph Caldecott","en":"Randolph Caldecott","es":"Randolph Caldecott","fa":"راندولف کالدکوت","fr":"Randolph Caldecott","he":"רנדולף קולדקט","hu":"Randolph Caldecott","id":"Randolph Caldecott","it":"Randolph Caldecott","ja":"ランドルフ・コールデコット","ka":"რენდოლფ კალდეკოტი","ms":"Randolph Caldecott","nb":"Randolph Caldecott","nl":"Randolph Caldecott","nn":"Randolph Caldecott","pl":"Randolph Caldecott","pt":"Randolph Caldecott","ru":"Калдекотт, Рандольф","sl":"Randolph Caldecott","sq":"Randolph Caldecott","sv":"Randolph Caldecott","zh":"藍道夫·凱迪克","ast":"Randolph Caldecott","pt-br":"Randolph Caldecott"},"altLabel":{"en":["Caldecott"],"he":["רנדולף קולדקט"],"ru":["Рандольф Калдекотт"]},"type":["Person"],"description":{"de":"britischer Illustrator","en":"British artist and illustrator (1846-1886)","fr":"artiste et illustrateur britannique","he":"אמן ומאייר בריטי","ka":"ბრიტანელი მსახიობი და ილუსტრატორი","nl":"Brits kunstschilder (1846-1886)"}}