{"sameAs":["http://viaf.org/viaf/95738652","http://id.worldcat.org/fast/31183","http://www.wikidata.org/entity/Q9439","https://isni.org/isni/0000000121443562","http://id.loc.gov/authorities/names/n79017983","http://d-nb.info/gnd/118626876","https://data.bnf.fr/ark:/12148/cb11928202f","https://data.bnf.fr/ark:/12148/cb11928202","http://id.ndl.go.jp/auth/ndlna/00621601","http://datos.bne.es/resource/XX979643","http://vocab.getty.edu/ulan/500022428","http://vocab.getty.edu/ulan/500022428-agent","http://www.idref.fr/027448207","http://www.idref.fr/250725258","http://lod.nl.go.kr/resource/KAC201620212","http://data.nlg.gr/resource/authority/A44766","http://data.bibliotheken.nl/doc/thes/p070185115","http://data.rism.info/id/rismid/pe30026818","http://libris.kb.se/resource/auth/205997"],"bf:identifiedBy":[{"type":["bf:Identifier"],"rdf:value":"A11830955","rdfs:label":"NLP ID"},{"type":["bf:Identifier"],"rdf:value":"0000036456","rdfs:label":"B2Q ID"},{"type":["bf:Identifier"],"rdf:value":"a11252959","rdfs:label":"BNC ID"},{"type":["bf:Identifier"],"rdf:value":"77100151","rdfs:label":"NLR ID"},{"type":["bf:Identifier"],"rdf:value":"000432838","rdfs:label":"NKS ID"},{"type":["bf:Identifier"],"rdf:value":"n94207665","rdfs:label":"NUKAT ID"},{"type":["bf:Identifier"],"rdf:value":"ncf10042100","rdfs:label":"CAOONL ID"},{"type":["bf:Identifier"],"rdf:value":"LNB:V*340191;=BE","rdfs:label":"LIH ID"},{"type":["bf:Identifier"],"rdf:value":"000102956","rdfs:label":"LNB ID"},{"type":["bf:Identifier"],"rdf:value":"jn20000701900","rdfs:label":"NKC ID"},{"type":["bf:Identifier"],"rdf:value":"000137847","rdfs:label":"NLI ID"},{"type":["bf:Identifier"],"rdf:value":"9810690096605606","rdfs:label":"PLWABN ID"},{"type":["bf:Identifier"],"rdf:value":"000039245","rdfs:label":"BNCHL ID"},{"type":["bf:Identifier"],"rdf:value":"vtls001038269","rdfs:label":"EGAXA ID"},{"type":["bf:Identifier"],"rdf:value":"35581194","rdfs:label":"NLA ID"},{"type":["bf:Identifier"],"rdf:value":"a11350684","rdfs:label":"ERRR ID"},{"type":["bf:Identifier"],"rdf:value":"ITICCURAVV056062","rdfs:label":"ICCU ID"},{"type":["bf:Identifier"],"rdf:value":"987007269588405171","rdfs:label":"J9U ID"},{"type":["bf:Identifier"],"rdf:value":"313692771","rdfs:label":"SIMACOB ID"}],"child":["https://id.oclc.org/worldcat/entity/E39PBJhmHg6xrBCQHThyc9yrv3","https://id.oclc.org/worldcat/entity/E39PBJxMmVCPKpPYPMgRh6rwmd","https://id.oclc.org/worldcat/entity/E39PBJkhMQdyJvxPwCtQRkXPQq","https://id.oclc.org/worldcat/entity/E39PBJkXxY6fQDxY6F9FJMctrq","https://id.oclc.org/worldcat/entity/E39PBJqvY3j6TPcrjFMQbjvrbd","https://id.oclc.org/worldcat/entity/E39PBJgmGkvFXFk464pJTJgFrq","https://id.oclc.org/worldcat/entity/E39PBJg8BVmwWmwChyfWwBT8md","https://id.oclc.org/worldcat/entity/E39PBJmxXrQfqwbxGYkj6fY773","https://id.oclc.org/worldcat/entity/E39PBJrCgR6J4fdyqdpMmT8DMP"],"sibling":["https://id.oclc.org/worldcat/entity/E39PBJqvTRV9VVMCdxtYDx83cP"],"spouse":[{"id":"https://id.oclc.org/worldcat/entity/E39PBJyRF6cQXgPKkCTxp46dwC#91f8218a-5630-4526-bce3-43917abdcc16","type":"Role","carriedOutBy":"https://id.oclc.org/worldcat/entity/E39PBJhMpcjcWXWF3qByfG9FKd"}],"@context":"https://id.oclc.org/api/context.json","id":"https://id.oclc.org/worldcat/entity/E39PBJyRF6cQXgPKkCTxp46dwC","dateOfBirth":[{"type":["time:Instant"],"time:inDateTime":{"type":["time:DateTimeDescription"],"time:day":{"type":"http://www.w3.org/2001/XMLSchema#gDay","@value":"----24"},"time:year":{"type":"http://www.w3.org/2001/XMLSchema#gYear","@value":"1819"},"time:month":{"type":"http://www.w3.org/2001/XMLSchema#gMonth","@value":"--05"},"time:hasTRS":{"id":"http://www.opengis.net/def/uom/ISO-8601/0/Gregorian"},"time:unitType":{"id":"time:unitDay"}},"time:inXSDDateTimeStamp":{"type":"http://www.w3.org/2001/XMLSchema#dateTimeStamp","@value":"1819-05-24T00:00:00Z"}}],"dateOfDeath":[{"type":["time:Instant"],"time:inDateTime":{"type":["time:DateTimeDescription"],"time:day":{"type":"http://www.w3.org/2001/XMLSchema#gDay","@value":"----22"},"time:year":{"type":"http://www.w3.org/2001/XMLSchema#gYear","@value":"1901"},"time:month":{"type":"http://www.w3.org/2001/XMLSchema#gMonth","@value":"--01"},"time:hasTRS":{"id":"http://www.opengis.net/def/uom/ISO-8601/0/Gregorian"},"time:unitType":{"id":"time:unitDay"}},"time:inXSDDateTimeStamp":{"type":"http://www.w3.org/2001/XMLSchema#dateTimeStamp","@value":"1901-01-22T00:00:00Z"}}],"prefLabel":{"af":"Victoria van die Verenigde Koninkryk","am":"ንግሥት ቪክቶሪያ","an":"Vitoria d'o Reino Unito","ar":"فيكتوريا ملكة المملكة المتحدة","az":"I Viktoriya","ba":"Виктория","be":"Вікторыя, каралева брытанская","bg":"Виктория","bn":"রানি ভিক্টোরিয়া","br":"Victoria","bs":"Viktorija, kraljica Ujedinjenog Kraljevstva","ca":"Reina Victòria del Regne Unit","cs":"Viktorie Britská","cv":"Виктория","cy":"Victoria, brenhines y Deyrnas Unedig","da":"Victoria af Storbritannien","de":"Victoria","el":"Βασίλισσα Βικτωρία","en":"Queen Victoria","eo":"Viktoria de Britio","es":"Victoria del Reino Unido","et":"Victoria","eu":"Viktoria Erresuma Batukoa","fa":"ویکتوریای پادشاهی متحده","fi":"Viktoria","fo":"Victoria drotning","fr":"Victoria","fy":"Victoria fan it Feriene Keninkryk","ga":"Victoria na Ríochta Aontaithe","gd":"Ban-rìgh Bhictoria","gl":"Vitoria do Reino Unido","he":"ויקטוריה","hi":"विक्टोरिया","hr":"Viktorija, kraljica Ujedinjenog Kraljevstva","hu":"Viktória brit királynő","hy":"Վիկտորյա թագուհի","ia":"Victoria del Regno Unite","id":"Victoria dari Britania Raya","io":"Victoria","is":"Viktoría Bretadrottning","it":"Vittoria del Regno Unito","ja":"ヴィクトリア (イギリス女王)","jv":"Victoria saking Britania Raya","ka":"ვიქტორია","kk":"Виктория","kn":"ಯುನೈಟೆಡ್ ಕಿಂಗ್ಡಂನ ವಿಕ್ಟೋರಿಯಾ","ko":"빅토리아","ku":"Keybanû Victoria","kw":"Viktorya","ky":"Виктория","la":"Victoria","lb":"Victoria vum Vereengte Kinnekräich","lt":"Viktorija","lv":"Viktorija","mg":"Victoria du Royaume-Uni","mi":"Wikitōria","mk":"Кралица Викторија","ml":"വിക്ടോറിയ രാജ്ഞി","mn":"Викториа","mr":"व्हिक्टोरिया राणी","ms":"Victoria dari United Kingdom","my":"ဝိတိုရိယ ဘုရင်မ","nb":"Victoria av Storbritannia","ne":"रानी भिक्टोरिया","nl":"Victoria van het Verenigd Koninkrijk","nn":"Victoria av Storbritannia","oc":"Victòria I dau Reiaume Unit","pa":"﻿ਮਲਿਕਾ ਵਿਕਟੋਰੀਆ","pl":"Wiktoria","ps":"ملکه وېکټوريا","pt":"Vitória do Reino Unido","qu":"Victoria","ro":"Victoria a Regatului Unit","ru":"Виктория","sa":"विक्टोरिया","sd":"راڻي وڪٽوريا (برطانيا)","sh":"Viktorija","si":"වික්ටෝරියා රැජින - එක්සත් රාජධානිය","sk":"Viktória","sl":"Viktorija Britanska","sm":"Masiofo Vitoria","sq":"Mbretëresha Victoria","sr":"Викторија Хановерска","sv":"Viktoria av Storbritannien","sw":"Viktoria wa Uingereza","ta":"ஐக்கிய இராச்சியத்தின் விக்டோரியா","te":"బ్రిటన్‌ రాణి విక్టోరియా","th":"สมเด็จพระราชินีนาถวิกตอเรียแห่งสหราชอาณาจักร","tl":"Victoria ng Nagkakaisang Kaharian","tr":"Victoria","tt":"Виктория","tw":"Queen Victoria","uk":"Вікторія","ur":"ملکہ وکٹوریہ","uz":"Viktoriya","vi":"Victoria của Anh","yi":"קעניגין וויקטאריע","zh":"維多利亞女王","ary":"لملكة ڤيكطوريا","arz":"فيكتوريا ملكة المملكه المتحده","ast":"Victoria del Reinu Xuníu","azb":"ویکتوریا خاتون","bcl":"Queen Victoria","cdo":"Victoria Nṳ̄-uòng","ckb":"ڤیکتۆریا","dty":"महारानी भिक्टोरिया","frr":"Victoria (Ferianigt Köningrik)","gsw":"Victoria, Chenigi vu Großbritannien un Irland","hak":"Vì-tô-li-â Ńg-vòng","kab":"Tagellit Victoria","kbp":"Reine Victoria","lfn":"Rea Victoria","lij":"Vitöia d'Inghiltæra","lmo":"Vitoria del Regn Unii","lzh":"英王維多利亞","mai":"महारानी भिक्टोरिया","mzn":"ملکه ویکتوریا","nds":"Victoria vun Grootbritannien","nrm":"Victoria du Rouoyaume Unni","pms":"Vitòria","pnb":"ملکہ وکٹوریہ","rue":"Виктория (Споене кральовство)","scn":"Vittoria dû Regnu Unitu","sco":"Queen Victoria","war":"Victoria han Reino Unido","wuu":"维多利亚女王","xmf":"ვიქტორია","zea":"Koningin Victoria","de-ch":"Victoria","en-ca":"Queen Victoria","en-gb":"Queen Victoria","pt-br":"Vitória do Reino Unido","zh-cn":"维多利亚女王","zh-hk":"維多利亞女皇","zh-mo":"維多利亞女皇","zh-my":"维多利亚女王","zh-sg":"维多利亚女王","zh-tw":"維多利亞女王","zh-hans":"维多利亚女王","zh-hant":"維多利亞女王","be-tarask":"Вікторыя"},"altLabel":{"ar":["الملكة فيكتوريا"],"be":["каралева брытанская Вікторыя"],"bn":["আলেকজান্ড্রিনা ভিক্টোরিয়া"],"cs":["Alexandrina Victoria","Viktorie","královna Viktorie"],"en":["Victoria","Alexandrina Victoria","Reina de Gran Bretaña Victoria I","Queen of Great Britain Victoria","Victoria of the United Kingdom","Victoria Alexandrina","Alexandrina Victoria von Hannover","Queen of Great Britain and Empress of India Victoria","Victoria Hanover","Victoria, Queen of Great Britain","reine de Grande-Bretagne Victoria","regina di Gran Bretagna e Irlanda Victoria","Alexandrina Hanover","Princess Victoria","koningin van Groot-Brittannie͏̈ en Ierland Victoria","Queen Victoria, Queen of the United Kingdom"],"eo":["Viktorino de Britio"],"es":["reina Victoria","Victoria"],"fr":["Victoria du Royaume-Uni","reine Victoria"],"fy":["Fiktoaria fan Hannover"],"hy":["Վիկտորյյա"],"it":["Regina Vittoria"],"ja":["维多利亚女王","アレクサンドリナ・ヴィクトリア"],"kn":["ಮಹಾರಾಣಿ ವಿಕ್ಟೋರಿಯ"],"ku":["Victoria von Hannover"],"mg":["Queen Victoria"],"mi":["Kuīni Wikitōria"],"ms":["Alexandrina Victoria"],"nn":["Alexandrina Victoria"],"pl":["Victoria"],"ro":["Alexandrina Victoria"],"ur":["ملکہ مملکت متحدہ"],"zh":["维多利亚女王","维多利亚女皇","維多利亞女皇"],"ast":["Alexandrina Victoria de Hannover"],"gsw":["Victoria (Vereinigtes Königreich)"],"zh-hans":["维多利亚女皇"]},"givenName":{"en":["Princess Alexandrina Victoria of Kent"]},"type":["Person"],"description":{"ar":"ملكة المملكة المتحدة لبريطانيا العظمى وايرلندا","bg":"британска кралица","bn":"ব্রিটিশ সাম্রাজ্যের ২০জনু ১৮৩৭ সাল থেকে ২২শে জানুয়ারি, ১৯০১ সাল পর্যন্ত রানি","ca":"reina del Regne Unit de la Gran Bretanya i d'Irlanda (1837-1901) i emperadriu de l'Índia (1876-1901)","cs":"britská královna (1837–1901)","da":"britisk og indisk statsoverhoved (1819-1901)","de":"Königin von Großbritannien und Irland (1837–1901), Kaiserin von Indien (1876–1901)","el":"βασίλισσα του Ηνωμένου Βασιλείου Μεγάλης Βρετανίας και Ιρλανδίας","en":"British monarch who reigned 1837–1901","eo":"reĝo de Britio, kiu reĝis de 1837 ĝis 1910","es":"reina del Reino Unido (1837-1901)","et":"Suurbritannia ja Iirimaa Ühendkuningriigi kuninganna","fa":"ملکهٔ پادشاهی متحدهٔ بریتانیای کبیر و ایرلند (۱۹۰۱_۱۸۳۷) و ملکه هند (۱۹۰۱_۱۸۷۶)","fi":"Ison-Britannian ja Irlannin yhdistyneen kuningaskunnan kuningatar 1837–1901","fr":"reine du Royaume-Uni entre 1837 et 1901","he":"מלכת הממלכה המאוחדת","hi":"यूनाइटेड किंगडम की महारानी और भारत की साम्राज्ञी","hy":"Մեծ Բրիտանիայի թագուհի (1821-1901)","ia":"regina del Regno Unite","id":"Penguasa monarki Britania Raya","it":"regina del Regno Unito","ja":"イギリス・ハノーヴァー朝6代女王。初代インド皇帝（女帝）。","ko":"영국의 군주","lv":"Apvienotās Karalistes karaliene no 1837. līdz 1901. gadam","nb":"tidligere britisk dronning","nl":"koningin van het Verenigd Koninkrijk (1837-1901), keizerin van India (1877-1901)","nn":"tidlegare britisk dronning","pl":"królowa Wielkiej Brytanii","pt":"Rainha do Reino Unido (1837–1901) e Imperatriz da Índia (1876–1901)","ro":"Regină a Regatului Unit și Împărăteasă a Indiei","ru":"королева Великобритании (1837–1901)","sd":"گڏيل بادشاھت جي راڻي","sk":"kráľovná Spojeného kráľovstva","sr":"краљица Уједињеног Краљевства (1837—1901)","sv":"regerande drottning av Storbritannien 1837–1901","tr":"Büyük Britanya ve İrlanda Birleşik Krallığı Kraliçesi","uk":"королева Великої Британії","ur":"ملکہ مملکت متحدہ، قیصر ہند(1837–1901)","vi":"Nữ hoàng Liên hiệp Anh và Bắc Ireland từ 1837-1901","zh":"英國女王和印度女皇","ary":"لملكة ديال بريطانيا","zh-cn":"英国君主","zh-hk":"英國君主","zh-mo":"英國君主","zh-my":"英国君主","zh-sg":"英国君主","zh-tw":"英國君主","zh-hans":"英国女王和印度女皇","zh-hant":"英國女王和印度女皇","be-tarask":"каралева Брытаніі (1837—1901)"}}