{"sameAs":["http://viaf.org/viaf/34499263","http://id.worldcat.org/fast/171843","http://www.wikidata.org/entity/Q1738050","https://isni.org/isni/000000011024607X","http://id.loc.gov/authorities/names/n85368782","http://d-nb.info/gnd/116677015","http://d-nb.info/gnd/1188251082","https://data.bnf.fr/ark:/12148/cb121755715","http://datos.bne.es/resource/XX5234846","http://vocab.getty.edu/ulan/500021811","http://vocab.getty.edu/ulan/500021811-agent","http://www.idref.fr/030314550","http://data.bibliotheken.nl/doc/thes/p17307068X"],"bf:identifiedBy":[{"type":["bf:Identifier"],"rdf:value":"n99706150","rdfs:label":"NUKAT ID"},{"type":["bf:Identifier"],"rdf:value":"xx0167717","rdfs:label":"NKC ID"},{"type":["bf:Identifier"],"rdf:value":"001447440","rdfs:label":"NLI ID"},{"type":["bf:Identifier"],"rdf:value":"9810673617205606","rdfs:label":"PLWABN ID"},{"type":["bf:Identifier"],"rdf:value":"35851878","rdfs:label":"NLA ID"},{"type":["bf:Identifier"],"rdf:value":"987007525037905171","rdfs:label":"J9U ID"}],"child":["https://id.oclc.org/worldcat/entity/E39PBJqBkQqHyHXbDrpJYFy8G3","https://id.oclc.org/worldcat/entity/E39PBJxxbkxtH9GhYMXCCPk4bd"],"placeOfBirth":["https://id.oclc.org/worldcat/entity/E39PBJgmJK4wYtYjc4xpQ9QH4q"],"placeOfDeath":["https://id.oclc.org/worldcat/entity/E39PBJdctJwyW9gpQgdPP8MdcP"],"@context":"https://id.oclc.org/api/context.json","id":"https://id.oclc.org/worldcat/entity/E39PBJcwCMWcKXpjxTTXKx7vHC","dateOfBirth":[{"type":["time:Instant"],"time:inDateTime":{"type":["time:DateTimeDescription"],"time:day":{"type":"http://www.w3.org/2001/XMLSchema#gDay","@value":"----04"},"time:year":{"type":"http://www.w3.org/2001/XMLSchema#gYear","@value":"1825"},"time:month":{"type":"http://www.w3.org/2001/XMLSchema#gMonth","@value":"--02"},"time:hasTRS":{"id":"http://www.opengis.net/def/uom/ISO-8601/0/Gregorian"},"time:unitType":{"id":"time:unitDay"}},"time:inXSDDateTimeStamp":{"type":"http://www.w3.org/2001/XMLSchema#dateTimeStamp","@value":"1825-02-04T00:00:00Z"}}],"dateOfDeath":[{"type":["time:Instant"],"time:inDateTime":{"type":["time:DateTimeDescription"],"time:day":{"type":"http://www.w3.org/2001/XMLSchema#gDay","@value":"----27"},"time:year":{"type":"http://www.w3.org/2001/XMLSchema#gYear","@value":"1899"},"time:month":{"type":"http://www.w3.org/2001/XMLSchema#gMonth","@value":"--03"},"time:hasTRS":{"id":"http://www.opengis.net/def/uom/ISO-8601/0/Gregorian"},"time:unitType":{"id":"time:unitDay"}},"time:inXSDDateTimeStamp":{"type":"http://www.w3.org/2001/XMLSchema#dateTimeStamp","@value":"1899-03-27T00:00:00Z"}}],"prefLabel":{"af":"Myles Birket Foster","an":"Myles Birket Foster","bm":"Myles Birket Foster","br":"Myles Birket Foster","ca":"Myles Birket Foster","co":"Myles Birket Foster","cs":"Myles Birket Foster","cy":"Myles Birket Foster","da":"Myles Birket Foster","de":"Myles Birket Foster","en":"Myles Birket Foster","eo":"Myles Birket Foster","es":"Myles Birket Foster","et":"Myles Birket Foster","eu":"Myles Birket Foster","fi":"Myles Birket Foster","fr":"Myles Birket Foster","ga":"Myles Birket Foster","gd":"Myles Birket Foster","gl":"Myles Birket Foster","hr":"Myles Birket Foster","hu":"Myles Birket Foster","ia":"Myles Birket Foster","id":"Myles Birket Foster","ie":"Myles Birket Foster","io":"Myles Birket Foster","it":"Myles Birket Foster","ja":"バーケット・フォスター","kg":"Myles Birket Foster","lb":"Myles Birket Foster","li":"Myles Birket Foster","lt":"Myles Birket Foster","lv":"Myles Birket Foster","mg":"Myles Birket Foster","ms":"Myles Birket Foster","nb":"Myles Birket Foster","nl":"Myles Birket Foster","nn":"Myles Birket Foster","oc":"Myles Birket Foster","pl":"Myles Birket Foster","pt":"Myles Birket Foster","rm":"Myles Birket Foster","ro":"Myles Birket Foster","ru":"Фостер, Майлз Бёркет","sc":"Myles Birket Foster","sk":"Myles Birket Foster","sl":"Myles Birket Foster","sq":"Myles Birket Foster","sv":"Myles Birket Foster","sw":"Myles Birket Foster","tr":"Myles Birket Foster","vi":"Myles Birket Foster","vo":"Myles Birket Foster","wa":"Myles Birket Foster","wo":"Myles Birket Foster","zu":"Myles Birket Foster","ast":"Myles Birket Foster","bar":"Myles Birket Foster","frc":"Myles Birket Foster","frp":"Myles Birket Foster","fur":"Myles Birket Foster","gsw":"Myles Birket Foster","jam":"Myles Birket Foster","kab":"Myles Birket Foster","lij":"Myles Birket Foster","min":"Myles Birket Foster","nap":"Myles Birket Foster","nds":"Myles Birket Foster","nrm":"Myles Birket Foster","pap":"Myles Birket Foster","pcd":"Myles Birket Foster","pms":"Myles Birket Foster","prg":"Myles Birket Foster","rgn":"Myles Birket Foster","scn":"Myles Birket Foster","sco":"Myles Birket Foster","vec":"Myles Birket Foster","vls":"Myles Birket Foster","vmf":"Myles Birket Foster","de-at":"Myles Birket Foster","de-ch":"Myles Birket Foster","en-ca":"Myles Birket Foster","en-gb":"Myles Birket Foster","pt-br":"Myles Birket Foster","sr-el":"Myles Birket Foster","nds-nl":"Myles Birket Foster"},"altLabel":{"cs":["Myles Birkett Foster","Birket Foster"],"en":["Myles Birkett Foster","Miles Foster","Birket Foster","Miles Birket Foster"],"nl":["M. Foster","Birket Foster","B. Foster","Miles Foster"],"ru":["Майлз Бёркет Фостер"],"sv":["M Birket Foster"]},"type":["Person"],"description":{"de":"englischer Zeichner, Illustrator und Maler","en":"English illustrator, watercolour artist and engraver (1825-1899)","fa":"نقاش بریتانیایی","nl":"Brits kunstschilder (1825-1899)"}}