{"sameAs":["http://viaf.org/viaf/44418470","http://id.worldcat.org/fast/38284","http://www.wikidata.org/entity/Q325027","https://isni.org/isni/0000000110258791","http://id.loc.gov/authorities/names/n79071133","http://d-nb.info/gnd/118680609","https://data.bnf.fr/ark:/12148/cb126027884","https://data.bnf.fr/ark:/12148/cb12602788","http://id.ndl.go.jp/auth/ndlna/00465770","http://datos.bne.es/resource/XX1159480","http://vocab.getty.edu/ulan/500027440","http://www.idref.fr/035274298","http://lod.nl.go.kr/resource/KAC201946633","http://data.nlg.gr/resource/authority/A221672","http://data.bibliotheken.nl/doc/thes/p067929885"],"bf:identifiedBy":[{"type":["bf:Identifier"],"rdf:value":"A20370817","rdfs:label":"NLP ID"},{"type":["bf:Identifier"],"rdf:value":"a10074983","rdfs:label":"BNC ID"},{"type":["bf:Identifier"],"rdf:value":"n99705545","rdfs:label":"NUKAT ID"},{"type":["bf:Identifier"],"rdf:value":"000420997","rdfs:label":"NLI ID"},{"type":["bf:Identifier"],"rdf:value":"9810660647305606","rdfs:label":"PLWABN ID"},{"type":["bf:Identifier"],"rdf:value":"35044189","rdfs:label":"NLA ID"},{"type":["bf:Identifier"],"rdf:value":"987007270950905171","rdfs:label":"J9U ID"}],"relatedPerson":["https://id.oclc.org/worldcat/entity/E39PBJth7QjCgQxG3JhxhqT4MP"],"sibling":["https://id.oclc.org/worldcat/entity/E39PBJtrQ8qdWbhjHpwrtCPYT3","https://id.oclc.org/worldcat/entity/E39PBJqvVxmvyYqGt7Vkhc4Qbd","https://id.oclc.org/worldcat/entity/E39PBJfCtF48tXtFrDc79GHcT3"],"placeOfBirth":["https://id.oclc.org/worldcat/entity/E39PBJp68ckpMtKGHPFWQrwDMP"],"placeOfDeath":["https://id.oclc.org/worldcat/entity/E39PBJp68ckpMtKGHPFWQrwDMP"],"@context":"https://id.oclc.org/api/context.json","id":"https://id.oclc.org/worldcat/entity/E39PBJyGV6jrGc4gwwy3K8vWDq","dateOfBirth":[{"type":["time:Instant"],"time:inDateTime":{"type":["time:DateTimeDescription"],"time:day":{"type":"http://www.w3.org/2001/XMLSchema#gDay","@value":"----18"},"time:year":{"type":"http://www.w3.org/2001/XMLSchema#gYear","@value":"1824"},"time:month":{"type":"http://www.w3.org/2001/XMLSchema#gMonth","@value":"--09"},"time:hasTRS":{"id":"http://www.opengis.net/def/uom/ISO-8601/0/Gregorian"},"time:unitType":{"id":"time:unitDay"}},"time:inXSDDateTimeStamp":{"type":"http://www.w3.org/2001/XMLSchema#dateTimeStamp","@value":"1824-09-18T00:00:00Z"}}],"dateOfDeath":[{"type":["time:Instant"],"time:inDateTime":{"type":["time:DateTimeDescription"],"time:day":{"type":"http://www.w3.org/2001/XMLSchema#gDay","@value":"----11"},"time:year":{"type":"http://www.w3.org/2001/XMLSchema#gYear","@value":"1883"},"time:month":{"type":"http://www.w3.org/2001/XMLSchema#gMonth","@value":"--12"},"time:hasTRS":{"id":"http://www.opengis.net/def/uom/ISO-8601/0/Gregorian"},"time:unitType":{"id":"time:unitDay"}},"time:inXSDDateTimeStamp":{"type":"http://www.w3.org/2001/XMLSchema#dateTimeStamp","@value":"1883-12-11T00:00:00Z"}}],"prefLabel":{"ar":"ريتشارد دويل","bn":"রিচার্ড ডয়েল","ca":"Richard Doyle","da":"Richard Doyle","de":"Richard Doyle","en":"Richard Doyle","es":"Richard Doyle","eu":"Richard Doyle","fa":"ریچارد دویل","fr":"Richard Doyle","he":"ריצ'רד דויל","hu":"Richard Doyle","it":"Richard Doyle","ja":"リチャード・ドイル","ko":"리처드 도일","nb":"Richard Doyle","nl":"Richard Doyle","nn":"Richard Doyle","pt":"Richard Doyle","ru":"Ричард Дойл","sl":"Richard Doyle","sq":"Richard Doyle","sv":"Richard Doyle","uk":"Річард Дойл","arz":"ريتشارد دويل","ast":"Richard Doyle","pt-br":"Richard Doyle"},"altLabel":{"en":["Dick Kitcat","Dicky Doyle","R. Doyle","Dickie Doyle"],"ko":["디키 도일","딕 킷캣"],"ru":["Дойл, Ричард"]},"type":["Person"],"description":{"ar":"رسام كتب بريطاني","bn":"ব্রিটিশ অঙ্কনশিল্পী","ca":"il·lustrador britànic","de":"britischer Illustrator","en":"British illustrator (1824-1883)","es":"ilustrador británico","et":"Suurbritannia illustraator","fr":"illustrateur britannique","gl":"ilustrador británico","he":"מאייר בריטי","ko":"영국 삽화가","nl":"Brits kunstschilder","ro":"ilustrator britanic","ru":"британский художник-иллюстратор","sq":"ilustrator britanik","arz":"رسام من المملكه المتحده لبريطانيا العظمى و ايرلاندا"}}