{"sameAs":["http://viaf.org/viaf/64163914","http://id.worldcat.org/fast/47319","http://www.wikidata.org/entity/Q204936","https://isni.org/isni/0000000109094101","http://id.loc.gov/authorities/names/n79145163","http://d-nb.info/gnd/122365062","https://data.bnf.fr/ark:/12148/cb13523006n","http://id.ndl.go.jp/auth/ndlna/00441602","http://datos.bne.es/resource/XX1164004","http://vocab.getty.edu/ulan/500030743","http://vocab.getty.edu/ulan/500030743-agent","https://livedata.bibsys.no/authority/90370243","http://www.idref.fr/050314424","http://lod.nl.go.kr/resource/KAC200906474","http://data.bibliotheken.nl/doc/thes/p067500048"],"bf:identifiedBy":[{"type":["bf:Identifier"],"rdf:value":"n2003085558","rdfs:label":"NUKAT ID"},{"type":["bf:Identifier"],"rdf:value":"000012840","rdfs:label":"LNB ID"},{"type":["bf:Identifier"],"rdf:value":"jn20000602378","rdfs:label":"NKC ID"},{"type":["bf:Identifier"],"rdf:value":"000425187","rdfs:label":"NLI ID"},{"type":["bf:Identifier"],"rdf:value":"35147790","rdfs:label":"NLA ID"},{"type":["bf:Identifier"],"rdf:value":"987007277639005171","rdfs:label":"J9U ID"}],"placeOfBirth":["https://id.oclc.org/worldcat/entity/E39PBJp68ckpMtKGHPFWQrwDMP"],"@context":"https://id.oclc.org/api/context.json","id":"https://id.oclc.org/worldcat/entity/E39PBJkT9jMjpxRJwGgDKWbyBP","dateOfBirth":[{"type":["time:Instant"],"time:inDateTime":{"type":["time:DateTimeDescription"],"time:day":{"type":"http://www.w3.org/2001/XMLSchema#gDay","@value":"----17"},"time:year":{"type":"http://www.w3.org/2001/XMLSchema#gYear","@value":"1846"},"time:month":{"type":"http://www.w3.org/2001/XMLSchema#gMonth","@value":"--03"},"time:hasTRS":{"id":"http://www.opengis.net/def/uom/ISO-8601/0/Gregorian"},"time:unitType":{"id":"time:unitDay"}},"time:inXSDDateTimeStamp":{"type":"http://www.w3.org/2001/XMLSchema#dateTimeStamp","@value":"1846-03-17T00:00:00Z"}}],"dateOfDeath":[{"type":["time:Instant"],"time:inDateTime":{"type":["time:DateTimeDescription"],"time:day":{"type":"http://www.w3.org/2001/XMLSchema#gDay","@value":"----06"},"time:year":{"type":"http://www.w3.org/2001/XMLSchema#gYear","@value":"1901"},"time:month":{"type":"http://www.w3.org/2001/XMLSchema#gMonth","@value":"--11"},"time:hasTRS":{"id":"http://www.opengis.net/def/uom/ISO-8601/0/Gregorian"},"time:unitType":{"id":"time:unitDay"}},"time:inXSDDateTimeStamp":{"type":"http://www.w3.org/2001/XMLSchema#dateTimeStamp","@value":"1901-11-06T00:00:00Z"}}],"prefLabel":{"ar":"كيت جريناواي","ca":"Kate Greenaway","cs":"Kate Greenaway","cy":"Kate Greenaway","da":"Kate Greenaway","de":"Kate Greenaway","en":"Kate Greenaway","es":"Kate Greenaway","fa":"کیت گریناوی","fi":"Kate Greenaway","fr":"Kate Greenaway","he":"קייט גרינוויי","hu":"Kate Greenaway","it":"Kate Greenaway","ja":"ケイト・グリーナウェイ","nb":"Kate Greenaway","nl":"Kate Greenaway","nn":"Kate Greenaway","pl":"Catherine Greenaway","pt":"Kate Greenaway","ru":"Кейт Гринауэй","sl":"Kate Greenaway","sq":"Kate Greenaway","sv":"Kate Greenaway","zh":"凱特·格林威","arz":"كيت جريناواى","vec":"Kate Greenaway","pt-br":"Kate Greenaway"},"altLabel":{"cs":["Catherine Greenaway"],"en":["Kate Greenaway","Catherine Greenaway","Miss Kate Greenaway"],"ru":["Гринауэй Кейт"]},"type":["Person"],"description":{"ar":"فنانة بريطانية","bn":"ব্রিটিশ শিল্পী","ca":"artista britànica","cs":"britská umělkyně","de":"englische Aquarellmalerin und Illustratorin von Kinderbüchern","dv":"ލިޔުންތެރިއެއް","en":"British artist (1846-1901)","es":"artista británica","et":"Suurbritannia kunstnik","fr":"artiste britannique","gl":"artista británica","he":"סופרת בריטית","it":"illustratrice e scrittrice britannica","nl":"Brits kunstschilder","ro":"artistă britanică","sq":"artiste britike","sv":"brittisk konstnär","arz":"كاتبه للاطفال من المملكه المتحده لبريطانيا العظمى و ايرلاندا","zh-hans":"英国艺术家"}}