{"sameAs":["http://viaf.org/viaf/26088467","http://id.worldcat.org/fast/197582","http://www.wikidata.org/entity/Q18529246","https://isni.org/isni/0000000082088915","http://id.loc.gov/authorities/names/n86105201","http://d-nb.info/gnd/1237674360","http://vocab.getty.edu/ulan/500060743","http://vocab.getty.edu/ulan/500060743-agent","http://www.idref.fr/085306975","http://data.bibliotheken.nl/doc/thes/p18158848X"],"bf:identifiedBy":[{"type":["bf:Identifier"],"rdf:value":"000269060","rdfs:label":"NLI ID"},{"type":["bf:Identifier"],"rdf:value":"36071716","rdfs:label":"NLA ID"},{"type":["bf:Identifier"],"rdf:value":"987007301630505171","rdfs:label":"J9U ID"}],"@context":"https://id.oclc.org/api/context.json","id":"https://id.oclc.org/worldcat/entity/E39PBJy4dGggXyYc3RVbxkgFrq","dateOfBirth":[{"type":["time:Instant"],"time:inDateTime":{"type":["time:DateTimeDescription"],"time:day":{"type":"http://www.w3.org/2001/XMLSchema#gDay","@value":"----04"},"time:year":{"type":"http://www.w3.org/2001/XMLSchema#gYear","@value":"1817"},"time:month":{"type":"http://www.w3.org/2001/XMLSchema#gMonth","@value":"--04"},"time:hasTRS":{"id":"http://www.opengis.net/def/uom/ISO-8601/0/Gregorian"},"time:unitType":{"id":"time:unitDay"}},"time:inXSDDateTimeStamp":{"type":"http://www.w3.org/2001/XMLSchema#dateTimeStamp","@value":"1817-04-04T00:00:00Z"}}],"dateOfDeath":[{"type":["time:Instant"],"time:inDateTime":{"type":["time:DateTimeDescription"],"time:year":{"type":"http://www.w3.org/2001/XMLSchema#gYear","@value":"1899"},"time:hasTRS":{"id":"http://www.opengis.net/def/uom/ISO-8601/0/Gregorian"},"time:unitType":{"id":"time:unitYear"}},"time:inXSDDateTimeStamp":{"type":"http://www.w3.org/2001/XMLSchema#dateTimeStamp","@value":"1899-01-01T00:00:00Z"}}],"prefLabel":{"ca":"Jabez Hogg","da":"Jabez Hogg","de":"Jabez Hogg","en":"Jabez Hogg","es":"Jabez Hogg","fr":"Jabez Hogg","it":"Jabez Hogg","nl":"Jabez Hogg","pt":"Jabez Hogg","sv":"Jabez Hogg","ast":"Jabez Hogg","pt-br":"Jabez Hogg"},"type":["Person"],"description":{"en":"Hogg, Jabez (1817–1899), ophthalmic surgeon"}}