{"sameAs":["http://viaf.org/viaf/71519059","http://id.worldcat.org/fast/73535","http://www.wikidata.org/entity/Q4529602","https://isni.org/isni/0000000083928947","http://id.loc.gov/authorities/names/n81059993","http://d-nb.info/gnd/174205171","https://data.bnf.fr/ark:/12148/cb149734685","https://data.bnf.fr/ark:/12148/cb12819076f","http://id.ndl.go.jp/auth/ndlna/00920584","http://vocab.getty.edu/ulan/500023437","http://vocab.getty.edu/ulan/500023437-agent","http://www.idref.fr/085841579","http://data.bibliotheken.nl/doc/thes/p070469784"],"bf:identifiedBy":[{"type":["bf:Identifier"],"rdf:value":"n2011075209","rdfs:label":"NUKAT ID"},{"type":["bf:Identifier"],"rdf:value":"35071074","rdfs:label":"NLA ID"}],"relatedPerson":["https://id.oclc.org/worldcat/entity/E39PBJyGRxYBXvDbyJkYFd9kXd","https://id.oclc.org/worldcat/entity/E39PBJvhkFD7h8XP4P8t8YXcfq","https://id.oclc.org/worldcat/entity/E39PBJkT9jMjpxRJwGgDKWbyBP","https://id.oclc.org/worldcat/entity/E39PBJyGV6jrGc4gwwy3K8vWDq","https://id.oclc.org/worldcat/entity/E39PBJcwCMWcKXpjxTTXKx7vHC","https://id.oclc.org/worldcat/entity/E39PBJkXCdkyfKw44TpgghjjYP","https://id.oclc.org/worldcat/entity/E39PBJdmjYvKct8FbbjhcWPG73","https://id.oclc.org/worldcat/entity/E39PBJwRPh8J8vwWpWjVYDQrMP"],"relatedOrganization":["https://id.oclc.org/worldcat/entity/E39QH7JmqKmdvBJmv7Hw8FdFhR"],"studentOf":[{"type":["Role"],"carriedOutBy":"https://id.oclc.org/worldcat/entity/E39PBJjxpYDbv49947XyyTx4bd"},{"type":["Role"],"startDate":{"type":["time:Instant"],"time:inDateTime":{"type":["time:DateTimeDescription"],"time:year":{"type":"http://www.w3.org/2001/XMLSchema#Year","@value":"1839"},"time:hasTRS":{"id":"http://www.opengis.net/def/uom/ISO-8601/0/Gregorian"},"time:unitType":{"id":"time:unitYear"}},"time:inXSDDateTimeStamp":{"type":"http://www.w3.org/2001/XMLSchema#dateTimeStamp","@value":"1839-01-01T00:00:00Z"}},"carriedOutBy":"https://id.oclc.org/worldcat/entity/E39PBJdRBt4vgCq4yfT9G48grq"}],"placeOfBirth":["https://id.oclc.org/worldcat/entity/E39PBJp68ckpMtKGHPFWQrwDMP","https://id.oclc.org/worldcat/entity/E39PBJdMb8p9BGwHJt33QG4yVC"],"placeOfDeath":["https://id.oclc.org/worldcat/entity/E39PBJfWVqtkgy8JRWywP8mPQq","https://id.oclc.org/worldcat/entity/E39PBJktqqyrkG8WKYpMcc7T73"],"occupation":["https://id.worldcat.org/fast/1179539","https://id.worldcat.org/fast/1050530","https://id.worldcat.org/fast/967426"],"fieldOfActivity":["https://id.worldcat.org/fast/967406"],"@context":"https://id.oclc.org/api/context.json","id":"https://id.oclc.org/worldcat/entity/E39PBJth7QjCgQxG3JhxhqT4MP","dateOfBirth":[{"type":["time:Instant"],"time:inDateTime":{"type":["time:DateTimeDescription"],"time:day":{"type":"http://www.w3.org/2001/XMLSchema#gDay","@value":"----23"},"time:year":{"type":"http://www.w3.org/2001/XMLSchema#gYear","@value":"1826"},"time:month":{"type":"http://www.w3.org/2001/XMLSchema#gMonth","@value":"--02"},"time:hasTRS":{"id":"http://www.opengis.net/def/uom/ISO-8601/0/Gregorian"},"time:unitType":{"id":"time:unitDay"}},"time:inXSDDateTimeStamp":{"type":"http://www.w3.org/2001/XMLSchema#dateTimeStamp","@value":"1826-02-23T00:00:00Z"}}],"dateOfDeath":[{"type":["time:Instant"],"time:inDateTime":{"type":["time:DateTimeDescription"],"time:day":{"type":"http://www.w3.org/2001/XMLSchema#gDay","@value":"----21"},"time:year":{"type":"http://www.w3.org/2001/XMLSchema#gYear","@value":"1905"},"time:month":{"type":"http://www.w3.org/2001/XMLSchema#gMonth","@value":"--08"},"time:hasTRS":{"id":"http://www.opengis.net/def/uom/ISO-8601/0/Gregorian"},"time:unitType":{"id":"time:unitDay"}},"time:inXSDDateTimeStamp":{"type":"http://www.w3.org/2001/XMLSchema#dateTimeStamp","@value":"1905-08-21T00:00:00Z"}}],"prefLabel":{"ar":"إدموند إيفانز","bn":"এডমন্ড ইভান্স","ca":"Edmund Evans","cy":"Edmund Evans","da":"Edmund Evans","de":"Edmund Evans","en":"Edmund Evans","es":"Edmund Evans","fa":"ادموند ایوانز","fi":"Edmund Evans","fr":"Edmund Evans","hu":"Edmund Evans","hy":"Էդմունդ Էվանս","it":"Edmund Evans","ja":"エドマンド・エヴァンス","nl":"Edmund Evans","pt":"Edmund Evans","ru":"Эванс, Эдмунд","sl":"Edmund Evans","sq":"Edmund Evans","sv":"Edmund Evans","zh":"埃德蒙·伊万斯","arz":"ادموند ايفانز","ast":"Edmund Evans","pt-br":"Edmund Evans"},"altLabel":{"en":["Edmund William Evans"],"ja":["エドマンド・エヴァンズ","エドモンド・エヴァンス","エドムンド・エヴァンズ"],"ru":["Эдмунд Эванс"]},"givenName":{"en":["Edmund"]},"surname":{"en":["Evans"]},"type":["Person"],"description":{"ar":"رسام من المملكة المتحدة","en":"British wood engraver and printer (1826-1905)","fr":"Graveur et imprimeur de l'ère Victorienne.","nl":"Brits kunstschilder (1826-1905)","arz":"رسام من المملكه المتحده لبريطانيا العظمى و ايرلاندا"}}