{"sameAs":["http://viaf.org/viaf/44146514","http://id.worldcat.org/fast/1496560","http://www.wikidata.org/entity/Q18911913","https://isni.org/isni/0000000067063621","http://id.loc.gov/authorities/names/nr90011746","http://vocab.getty.edu/ulan/500015088","http://vocab.getty.edu/ulan/500015088-agent"],"bf:identifiedBy":[{"type":["bf:Identifier"],"rdf:value":"n2015096931","rdfs:label":"NUKAT ID"},{"type":["bf:Identifier"],"rdf:value":"hka20191043261","rdfs:label":"NKC ID"},{"type":["bf:Identifier"],"rdf:value":"35701181","rdfs:label":"NLA ID"}],"placeOfBirth":["https://id.oclc.org/worldcat/entity/E39PBJtrV774vgvm3hGftg7bVC"],"placeOfDeath":["https://id.oclc.org/worldcat/entity/E39PBJp68ckpMtKGHPFWQrwDMP"],"@context":"https://id.oclc.org/api/context.json","id":"https://id.oclc.org/worldcat/entity/E39PBJwRPh8J8vwWpWjVYDQrMP","dateOfBirth":[{"type":["time:Instant"],"time:inDateTime":{"type":["time:DateTimeDescription"],"time:year":{"type":"http://www.w3.org/2001/XMLSchema#gYear","@value":"1829"},"time:hasTRS":{"id":"http://www.opengis.net/def/uom/ISO-8601/0/Gregorian"},"time:unitType":{"id":"time:unitYear"}},"time:inXSDDateTimeStamp":{"type":"http://www.w3.org/2001/XMLSchema#dateTimeStamp","@value":"1829-01-01T00:00:00Z"}}],"dateOfDeath":[{"type":["time:Instant"],"time:inDateTime":{"type":["time:DateTimeDescription"],"time:year":{"type":"http://www.w3.org/2001/XMLSchema#gYear","@value":"1904"},"time:hasTRS":{"id":"http://www.opengis.net/def/uom/ISO-8601/0/Gregorian"},"time:unitType":{"id":"time:unitYear"}},"time:inXSDDateTimeStamp":{"type":"http://www.w3.org/2001/XMLSchema#dateTimeStamp","@value":"1904-01-01T00:00:00Z"}}],"prefLabel":{"ca":"William Stephen Coleman","da":"William Stephen Coleman","de":"William Stephen Coleman","en":"William Stephen Coleman","es":"William Stephen Coleman","fr":"William Stephen Coleman","it":"William Stephen Coleman","nl":"William Stephen Coleman","pt":"William Stephen Coleman","sl":"William Stephen Coleman","sq":"William Stephen Coleman","sv":"William Stephen Coleman","ast":"William Stephen Coleman","pt-br":"William Stephen Coleman"},"altLabel":{"en":["William Coleman","w.s. coleman"]},"type":["Person"],"description":{"en":"English book illustrator and painter","nl":"kunstschilder uit Verenigd Koninkrijk van Groot-Brittannië en Ierland (1829-1904)"}}