{"sameAs":["http://viaf.org/viaf/130915586","http://www.wikidata.org/entity/Q183725","http://d-nb.info/gnd/503624-0","http://id.loc.gov/authorities/names/n85048550","http://id.ndl.go.jp/auth/ndlna/00944608","https://isni.org/isni/0000000121582378","https://data.bnf.fr/ark:/12148/cb118711119","http://libris.kb.se/resource/auth/332973","http://datos.bne.es/resource/XX88956"],"bf:identifiedBy":[{"type":["bf:Identifier"],"rdf:value":"ko2007402427","rdfs:label":"NKC ID"},{"type":["bf:Identifier"],"rdf:value":"vtls001598349","rdfs:label":"NUKAT ID"},{"type":["bf:Identifier"],"rdf:value":"LNB:BPiH;=BZ","rdfs:label":"LIH ID"},{"type":["bf:Identifier"],"rdf:value":"ncf10103387","rdfs:label":"CAOONL ID"},{"type":["bf:Identifier"],"rdf:value":"vtls001158463","rdfs:label":"N6I ID"},{"type":["bf:Identifier"],"rdf:value":"A023960403","rdfs:label":"RERO ID"},{"type":["bf:Identifier"],"rdf:value":"0000997435","rdfs:label":"B2Q ID"},{"type":["bf:Identifier"],"rdf:value":"981058608672406706","rdfs:label":"BNC ID"},{"type":["bf:Identifier"],"rdf:value":"LNB:BP_i_H;=BZ","rdfs:label":"LIH ID"},{"type":["bf:Identifier"],"rdf:value":"n2003011944","rdfs:label":"NUKAT ID"},{"type":["bf:Identifier"],"rdf:value":"98017192","rdfs:label":"BIBSYS ID"},{"type":["bf:Identifier"],"rdf:value":"000035235583","rdfs:label":"NLA ID"},{"type":["bf:Identifier"],"rdf:value":"9810554915405606","rdfs:label":"PLWABN ID"},{"type":["bf:Identifier"],"rdf:value":"987007263134105171","rdfs:label":"J9U ID"},{"type":["bf:Identifier"],"rdf:value":"001482413","rdfs:label":"BLBNB ID"}],"headquarters":["https://id.oclc.org/worldcat/entity/E39QbtfRvQh7864Jh4rDGBFDWc"],"@context":"https://id.oclc.org/api/context.json","id":"https://id.oclc.org/worldcat/entity/E39QQPVp7TX3GjbbqvVKQK7MJt","endDate":[{"type":["time:Instant"],"time:inDateTime":{"type":["time:DateTimeDescription"],"time:year":{"type":"http://www.w3.org/2001/XMLSchema#gYear","@value":"1876"},"time:hasTRS":{"id":"http://www.opengis.net/def/uom/ISO-8601/0/Gregorian"},"time:unitType":{"id":"time:unitYear"}},"time:inXSDDateTimeStamp":{"type":"http://www.w3.org/2001/XMLSchema#dateTimeStamp","@value":"1876-01-01T00:00:00Z"}}],"startDate":[{"type":["time:Instant"],"time:inDateTime":{"type":["time:DateTimeDescription"],"time:day":{"type":"http://www.w3.org/2001/XMLSchema#gDay","@value":"----28"},"time:year":{"type":"http://www.w3.org/2001/XMLSchema#gYear","@value":"1864"},"time:month":{"type":"http://www.w3.org/2001/XMLSchema#gMonth","@value":"--09"},"time:hasTRS":{"id":"http://www.opengis.net/def/uom/ISO-8601/0/Gregorian"},"time:unitType":{"id":"time:unitDay"}},"time:inXSDDateTimeStamp":{"type":"http://www.w3.org/2001/XMLSchema#dateTimeStamp","@value":"1864-09-28T00:00:00Z"}}],"prefLabel":{"ar":"جمعية الشغيلة العالمية","az":"Birinci İnternasional","be":"Першы інтэрнацыянал","bg":"Първи интернационал","ca":"Associació Internacional de Treballadors","cs":"Mezinárodní dělnické sdružení","cy":"Cymdeithas Ryngwladol y Gweithwyr","da":"Første Internationale","de":"Mezhdunarodnoe tovarishchestvo rabochikh","el":"Διεθνής Ένωση Εργατών","en":"International Workingmen's Association (1864-1876)","eo":"Unua Internacio","es":"Asociación Internacional de los Trabajadores (1864-1876)","eu":"Lehen Internazionala","fa":"انجمن بین‌المللی کارگران","fi":"Ensimmäinen Internationaali","fr":"Association internationale des travailleurs","gd":"Comann Eadar-nàiseanta nam Fir-obrach","gl":"Primeira Internacional","gv":"Co-heshaght Eddyr-ashoonagh ny Deiney Obbree","he":"International Workingmen's Association","hr":"Međunarodni savez radnika","hu":"Első Internacionálé","hy":"Առաջին ինտերնացիոնալ","id":"Asosiasi Pekerja Internasional","io":"Internacion Asociuro di Laboristi","is":"Fyrsta alþjóðasambandið","it":"Associazione internazionale dei lavoratori","ja":"第一インターナショナル","jp":"国際労働者協会","kk":"Бірінші интернационал","ko":"제1인터내셔널","lt":"International Workingmen's Association","ml":"ഒന്നാം ഇൻറർനാഷണൽ","ms":"International Workingmen's Association","nb":"Den første internasjonale","nl":"Eerste Internationale","nn":"Første Internasjonalen","no":"Den første internasjonale","oc":"Primièra Internacionala","pl":"Międzynarodowe Stowarzyszenie Robotników.","pt":"Associação Internacional dos Trabalhadores","ru":"Первый интернационал","sh":"Prva Internacionala","sk":"Medzinárodné robotnícke združenie","sl":"Prva internacionala","sq":"Ndërkombëtarja e parë","sr":"Прва интернационала","sv":"Internationella arbetarassociationen (1922)","ta":"அனைத்துலக தொழிலாளர்களின் ஒன்றியம்","tr":"Birinci Enternasyonal","uk":"Перший Інтернаціонал","ur":"فرسٹ انٹرنیشنل","uz":"Birinchi internatsional","vi":"Đệ nhất Quốc tế","zh":"第一国际","ast":"Primera Internacional","diq":"İnternasyonalo verên","lzh":"國際工人聯合會","mwl":"Associaçon Anternacional de ls Trabalhadores","pnb":"فرسٹ انٹرنیشنل","rue":"Перва Интернационала","vec":"Asociasion internasionałe dei lavoratori","yue":"第一國際","none":"International Working Men's Association","es-es":"Asociación Internacional de los Trabajadores (1864-1876)","kk-cn":"ٴبىرىنشى ىينتەرناتسىيونال","kk-kz":"Бірінші интернационал","kk-tr":"Birinşi ïnternacïonal","sr-ec":"Прва интернационала","sr-el":"Prva internacionala","zh-cn":"第一国际","zh-hk":"第一國際","zh-sg":"第一国际","zh-tw":"第一國際","kk-arab":"ٴبىرىنشى ىينتەرناتسىيونال","kk-cyrl":"Бірінші интернационал","kk-latn":"Birinşi ïnternacïonal","zh-hans":"第一国际","zh-hant":"第一國際"},"altLabel":{"ca":["Primera Internacional","I Internacional","Associació Internacional de Treballadors","AIT"],"cs":["První internacionála","1. internacionála","I. internacionála"],"da":["1. Internationale"],"de":["Internationale Arbeiterassoziation","Londoner Konferenz","Erste Internationale","1. Internationale","International Workingmen's Association","I. Internationale","IAA"],"el":["Πρώτη Διεθνής"],"en":["International Workingmen's Association","First International"],"eo":["Internacia Asocio de Laboristoj","1-a Internacio"],"es":["Primera Internacional","Asociacion Internacional de Trabajadores","Asociación Internacional de Trabajadores","I Internacional"],"eu":["I Internazional","Lehenengo Internazionala","Lehenengo Internazional"],"fa":["بین‌الملل یکم","انجمن بین المللی خلق کارکن"],"fr":["Association internationale des travailleurs","Internationale des travailleurs","Première Internationale","AIT"],"he":["האינטרנציונל הראשון"],"it":["Prima Internazionale","L'Internazionale dei lavoratori","I Internazionale","Lega internazionale dei lavoratori"],"ja":["第1インターナショナル","第一インター","第一インタナショナル","国際労働者協会","第1インタナショナル","第1インター"],"jp":["Dai1 intanashonaru","International Workingmen's Association","Kokusai rodosha kyokai","コクサイ ロウドウシャ キョウカイ","ダイ1 インターナショナル","第1インターナショナル"],"ko":["국제노동자협회","국제 노동자 협회"],"lt":["I Internacionalas"],"nb":["Den første internasjonalen","1. internasjonalen","Første internasjonalen","Første internasjonale","1. internasjonale"],"nl":["Internationale Arbeiders-Associatie"],"pl":["Międzynarodowe Stowarzyszenie Robotników","I Międzynarodówka","Pierwsza Międzynarodówka"],"pt":["Associação Internacional de Trabalhadores","Primeira Internacional","I Internacional","AIT"],"ru":["1-й Интернационал","I Интернационал","Интернационал 1-й","Международное товарищество рабочих","Международное товарищество трудящихся"],"sk":["Medzinárodná asociácia pracujúcich","Prvá internacionála"],"sr":["Прва Интернационала"],"sv":["Första internationalen","International Working Men's Association"],"ta":["முதலாவது அனைத்துலகம்"],"vi":["Quốc tế I","Quốc tế 1","Quốc tế thứ nhất","Quốc tế cộng sản một"],"zh":["国际工人联合会","第一國際","国际工人协会"],"ast":["Primer internacional","Asociación Internacional de Trabayadores","AIT"],"yue":["國際工人協會"],"zh-hk":["國際工人聯合會","國際工人協會"],"zh-tw":["國際工人聯合會","國際工人協會"],"zh-hant":["國際工人聯合會","國際工人協會"]},"type":["Organization"],"description":{"ar":"منظمة دولية تهدف إلى توحيد عدة مجموعات سياسية ونقابات عمالية متنوعة اشتراكية يسارية، شيوعية ولاسلطوية التي كان قوامها الطبقة العاملة والصراع الطبقي","ca":"organització socialista internacional (1864-1876)","cs":"politická organizace","de":"Organisation","en":"socialist organization in the late 1800s","eo":"socialista organizaĵo de la 19a jarcento","es":"asociación internacional de sindicatos y partidos socialistas y anarquistas","fi":"työväenliikkeen kansainvälinen yhteistyöjärjestö 1864–1876","fr":"organisation","it":"prima organizzazione internazionale del movimento operaio e socialista (1864-1876)","ru":"международная организация рабочего класса, учреждена 28 сентября 1864 года в Лондоне","sv":"sammanslutning som grundades 28 september 1864","tr":"İlk küresel sosyalist örgüt","vi":"Nhóm xã hội, chính trị Quốc tế","zh":"历史国际组织","zh-hk":"歷史國際組織","zh-tw":"歷史國際組織","zh-hant":"歷史國際組織"}}