{"sameAs":["http://viaf.org/viaf/156269465","http://id.loc.gov/authorities/names/no2001089993"],"bf:identifiedBy":[{"type":["bf:Identifier"],"rdf:value":"vtls001383487","rdfs:label":"N6I ID"},{"type":["bf:Identifier"],"rdf:value":"9810639048005606","rdfs:label":"PLWABN ID"},{"type":["bf:Identifier"],"rdf:value":"n 2013031533","rdfs:label":"NUKAT ID"}],"@context":"https://id.oclc.org/api/context.json","id":"https://id.oclc.org/worldcat/entity/E39QH7JmpWHbpKpFRXcQJ8DWvR","prefLabel":{"en":"Bell and Daldy","pl":"Bell and Daldy."},"altLabel":{"pl":["Bell & Daldy."]},"type":["Organization"]}