{"sameAs":["http://viaf.org/viaf/141180622","https://d-nb.info/gnd/1225144132","http://id.loc.gov/authorities/names/nr99031633"],"bf:identifiedBy":[{"type":["bf:Identifier"],"rdf:value":"vtls016147225","rdfs:label":"NUKAT ID"},{"type":["bf:Identifier"],"rdf:value":"n2017068110","rdfs:label":"NUKAT ID"}],"relatedPerson":["https://id.oclc.org/worldcat/entity/E39PBJhhp7PYVmKQw6VH4bymVC","https://id.oclc.org/worldcat/entity/E39PBJvMDDb948yCrfWKyDGPwC"],"headquarters":["https://id.oclc.org/worldcat/entity/E39PBJp68ckpMtKGHPFWQrwDMP"],"@context":"https://id.oclc.org/api/context.json","id":"https://id.oclc.org/worldcat/entity/E39QQPVp7PkXhvrP9j3mKrpp7R","activeStartDate":[{"type":["time:Instant"],"time:inDateTime":{"type":["time:DateTimeDescription"],"time:year":{"type":"http://www.w3.org/2001/XMLSchema#Year","@value":"1874"},"time:hasTRS":{"id":"http://www.opengis.net/def/uom/ISO-8601/0/Gregorian"},"time:unitType":{"id":"time:unitYear"}},"time:inXSDDateTimeStamp":{"type":"http://www.w3.org/2001/XMLSchema#dateTimeStamp","@value":"1874-01-01T00:00:00Z"}}],"activeEndDate":[{"type":["time:Instant"],"time:inDateTime":{"type":["time:DateTimeDescription"],"time:year":{"type":"http://www.w3.org/2001/XMLSchema#Year","@value":"1935"},"time:hasTRS":{"id":"http://www.opengis.net/def/uom/ISO-8601/0/Gregorian"},"time:unitType":{"id":"time:unitYear"}},"time:inXSDDateTimeStamp":{"type":"http://www.w3.org/2001/XMLSchema#dateTimeStamp","@value":"1935-01-01T00:00:00Z"}}],"prefLabel":{"de":"Strangeways & Sons (London)","en":"Strangeways & Sons","pl":"Strangeways & Sons (Londyn)."},"altLabel":{"de":["Strangeways and sons London"]},"type":["Organization"],"description":{"en":"London-based printing firm active during the late 19th and early 20th centuries"}}