{"sameAs":["http://viaf.org/viaf/138814795","https://isni.org/isni/0000000094363443","http://id.loc.gov/authorities/names/nr90010172"],"bf:identifiedBy":[{"type":["bf:Identifier"],"rdf:value":"n 2013216660","rdfs:label":"NUKAT ID"},{"type":["bf:Identifier"],"rdf:value":"987007599359905171","rdfs:label":"J9U ID"},{"type":["bf:Identifier"],"rdf:value":"9812405068305606","rdfs:label":"PLWABN ID"},{"type":["bf:Identifier"],"rdf:value":"LNB:V-74252;=BG","rdfs:label":"LIH ID"}],"relatedPerson":["https://id.oclc.org/worldcat/entity/E39PBJkTdgmdBv6FBvWHfg9JjC"],"fieldOfActivity":["https://id.worldcat.org/fast/1083463"],"foundedBy":[{"type":["Role"],"carriedOutBy":"https://id.oclc.org/worldcat/entity/E39PBJwdfKpMKyCft4vT4KqJDq"}],"@context":"https://id.oclc.org/api/context.json","id":"https://id.oclc.org/worldcat/entity/E39QH7JmqKmdvBJmv7Hw8FdFhR","activeStartDate":[{"type":["time:Instant"],"time:inDateTime":{"type":["time:DateTimeDescription"],"time:year":{"type":"http://www.w3.org/2001/XMLSchema#Year","@value":"1858"},"time:hasTRS":{"id":"http://www.opengis.net/def/uom/ISO-8601/0/Gregorian"},"time:unitType":{"id":"time:unitYear"}},"time:inXSDDateTimeStamp":{"type":"http://www.w3.org/2001/XMLSchema#dateTimeStamp","@value":"1858-01-01T00:00:00Z"}}],"activeEndDate":[{"type":["time:Instant"],"time:inDateTime":{"type":["time:DateTimeDescription"],"time:year":{"type":"http://www.w3.org/2001/XMLSchema#Year","@value":"1865"},"time:month":{"type":"http://www.w3.org/2001/XMLSchema#Month","@value":"--07"},"time:hasTRS":{"id":"http://www.opengis.net/def/uom/ISO-8601/0/Gregorian"},"time:unitType":{"id":"time:unitMonth"}},"time:inXSDDateTimeStamp":{"type":"http://www.w3.org/2001/XMLSchema#dateTimeStamp","@value":"1865-07-01T00:00:00Z"}}],"prefLabel":{"en":"Routledge, Warne, & Routledge","he":"Routledge, Warne, & Routledge","lt":"Routledge, Warne, & Routledge","pl":"Routledge, Warne, & Routledge","none":"Routledge, Warne, & Routledge"},"altLabel":{"en":["Routledge, Warne, and Routledge"]},"type":["Organization"],"description":{"en":"The company was restyled in 1858 as Routledge, Warne & Routledge when George Routledge's son, Robert Warne Routledge, entered the partnership"}}