{"sameAs":["http://viaf.org/viaf/305450273","https://d-nb.info/gnd/1256478601","http://www.wikidata.org/entity/Q4869749","http://id.loc.gov/authorities/names/nb2013025951"],"headquarters":["https://id.oclc.org/worldcat/entity/E39PBJcGjvC94hvdHFykjrQrMP"],"@context":"https://id.oclc.org/api/context.json","id":"https://id.oclc.org/worldcat/entity/E39QH7JmpqKtxrvHyR74HX7MJt","endDate":[{"type":["time:Instant"],"time:inDateTime":{"type":["time:DateTimeDescription"],"time:year":{"type":"http://www.w3.org/2001/XMLSchema#gYear","@value":"1977"},"time:hasTRS":{"id":"http://www.opengis.net/def/uom/ISO-8601/0/Gregorian"},"time:unitType":{"id":"time:unitYear"}},"time:inXSDDateTimeStamp":{"type":"http://www.w3.org/2001/XMLSchema#dateTimeStamp","@value":"1977-01-01T00:00:00Z"}}],"startDate":[{"type":["time:Instant"],"time:inDateTime":{"type":["time:DateTimeDescription"],"time:year":{"type":"http://www.w3.org/2001/XMLSchema#gYear","@value":"1875"},"time:hasTRS":{"id":"http://www.opengis.net/def/uom/ISO-8601/0/Gregorian"},"time:unitType":{"id":"time:unitYear"}},"time:inXSDDateTimeStamp":{"type":"http://www.w3.org/2001/XMLSchema#dateTimeStamp","@value":"1875-01-01T00:00:00Z"}}],"prefLabel":{"de":"Battersea Grammar School","en":"Battersea Grammar School (London, England)","sv":"Battersea Grammar School","de-de":"Battersea Grammar School"},"altLabel":{"en":["Battersea Grammar School"]},"type":["Organization"],"description":{"en":"grammar school in Streatham, London","nl":"Grammar school in het Verenigd Koninkrijk"}}