{"sameAs":["http://viaf.org/viaf/136751608","http://www.wikidata.org/entity/Q2537765","https://isni.org/isni/0000000122199338","http://id.loc.gov/authorities/names/n83231940"],"bf:identifiedBy":[{"type":["bf:Identifier"],"rdf:value":"987007444122105171","rdfs:label":"J9U ID"},{"type":["bf:Identifier"],"rdf:value":"vtls001156040","rdfs:label":"N6I ID"},{"type":["bf:Identifier"],"rdf:value":"000035903204","rdfs:label":"NLA ID"},{"type":["bf:Identifier"],"rdf:value":"51004960","rdfs:label":"DE633 ID"}],"headquarters":["https://id.oclc.org/worldcat/entity/E39QbtfRyR37VXF7BWQ9pgVGQY"],"@context":"https://id.oclc.org/api/context.json","id":"https://id.oclc.org/worldcat/entity/E39QQPVp7YDxXvttjfmFhcJQFg","startDate":[{"type":["time:Instant"],"time:inDateTime":{"type":["time:DateTimeDescription"],"time:year":{"type":"http://www.w3.org/2001/XMLSchema#gYear","@value":"1610"},"time:hasTRS":{"id":"http://www.opengis.net/def/uom/ISO-8601/0/Gregorian"},"time:unitType":{"id":"time:unitYear"}},"time:inXSDDateTimeStamp":{"type":"http://www.w3.org/2001/XMLSchema#dateTimeStamp","@value":"1610-01-01T00:00:00Z"}}],"prefLabel":{"ar":"كلية وادهام","be":"Уодэм-каледж","ca":"Wadham College","cs":"Wadham College","cy":"Coleg Wadham","de":"Wadham College","el":"Κολλέγιο Γουόνταμ","en":"Wadham College","eo":"Kolegio Wadham","es":"Wadham College","fr":"Wadham College","ga":"Coláiste Wadham, Oxford","he":"Wadham College","hu":"Wadham College","hy":"Ուոդհեմ քոլեջ","it":"Wadham College","ja":"ウォドム・カレッジ","ka":"უოდჰემის კოლეჯი","ko":"워드험 칼리지","lb":"Wadham College","nb":"Wadham College","nl":"Wadham College","nn":"Wadham College","pl":"Wadham College w Oksfordzie","ru":"Уодхэм-колледж","sv":"Wadham College","uk":"Водем-коледж","ur":"واڈھم کالج، اوکسفرڈ","zh":"牛津大學瓦德漢學院","arz":"وادام كوليدچ","azb":"وادهام کالجی","pnb":"وادھم کالج، آکسفورڈ","sco":"Wadham College","none":"Wadham College Oxford","en-ca":"Wadham College, Oxford","en-gb":"Wadham College","pt-br":"Wadham College"},"altLabel":{"cs":["Wadhamova kolej"],"de":["Wadham College"],"en":["Wadham College","Wadham College, Oxford","Wadham College, University of Oxford"],"es":["Wadham College Oxford"],"ga":["Coláiste Wadham"],"he":["ודהאם קולג'"],"ja":["ウェイダム・カレッジ (オックスフォード大学)","オックスフォード大学ウォーダム校","ウォダム・カレッジ","ワダム・カレッジ"],"ru":["Уодем-колледж","Уодэм-колледж","Колледж Уодхэм","Колледж Уодем","Колледж Уодэм"],"uk":["Водгем-коледж"],"none":["Oxford Wadham College","University Oxford Wadham College","University of Oxford Wadham College"]},"type":["Organization"],"description":{"be":"каледж Оксфардскага ўніверсітэта","de":"College an der Universität Oxford","el":"ένα από τα 39 κολέγια του Πανεπιστημίου της Οξφόρδης","en":"college of the University of Oxford","eo":"kolegio de Universitato de Oksfordo","es":"college de la Universidad de Oxford","fr":"Collège universitaire rattaché à l'université d'Oxford","ga":"coláiste de chuid Ollscoil Oxford","it":"collegio dell'Università di Oxford","lb":"College zu Oxford","nl":"college van de Universiteit van Oxford","ru":"колледж Оксфорского университета","en-gb":"college of the University of Oxford"}}