{"sameAs":["http://viaf.org/viaf/129149196473274791576","http://id.worldcat.org/fast/1688987","http://www.wikidata.org/entity/Q989434","https://isni.org/isni/0000000054720135","http://id.loc.gov/authorities/names/no2007131959","http://d-nb.info/gnd/119072769","http://www.idref.fr/128534230","http://data.bibliotheken.nl/doc/thes/p100026265"],"bf:identifiedBy":[{"type":["bf:Identifier"],"rdf:value":"000563158","rdfs:label":"NLI ID"},{"type":["bf:Identifier"],"rdf:value":"987007290350505171","rdfs:label":"J9U ID"}],"child":["https://id.oclc.org/worldcat/entity/E39PBJycRRj6GBBQ8jWvckfDv3"],"spouse":[{"id":"https://id.oclc.org/worldcat/entity/E39PBJwmYThD46PR96XWggcgKd#3fc8b4e1-f859-4557-8793-9f75fd151ad7","type":"Role","carriedOutBy":"https://id.oclc.org/worldcat/entity/E39PBJxrPX4txgXT8RF6c4RYfq"}],"placeOfBirth":["https://id.oclc.org/worldcat/entity/E39PBJjXk98V8PJgBmpYp3R3Qq"],"placeOfDeath":["https://id.oclc.org/worldcat/entity/E39PBJy4cDXypVtDqQmvfmkFKd"],"@context":"https://id.oclc.org/api/context.json","id":"https://id.oclc.org/worldcat/entity/E39PBJwmYThD46PR96XWggcgKd","dateOfBirth":[{"type":["time:Instant"],"time:inDateTime":{"type":["time:DateTimeDescription"],"time:day":{"type":"http://www.w3.org/2001/XMLSchema#gDay","@value":"----27"},"time:year":{"type":"http://www.w3.org/2001/XMLSchema#gYear","@value":"1723"},"time:month":{"type":"http://www.w3.org/2001/XMLSchema#gMonth","@value":"--10"},"time:hasTRS":{"id":"http://www.opengis.net/def/uom/ISO-8601/0/Gregorian"},"time:unitType":{"id":"time:unitDay"}},"time:inXSDDateTimeStamp":{"type":"http://www.w3.org/2001/XMLSchema#dateTimeStamp","@value":"1723-10-27T00:00:00Z"}}],"dateOfDeath":[{"type":["time:Instant"],"time:inDateTime":{"type":["time:DateTimeDescription"],"time:day":{"type":"http://www.w3.org/2001/XMLSchema#gDay","@value":"----07"},"time:year":{"type":"http://www.w3.org/2001/XMLSchema#gYear","@value":"1796"},"time:month":{"type":"http://www.w3.org/2001/XMLSchema#gMonth","@value":"--09"},"time:hasTRS":{"id":"http://www.opengis.net/def/uom/ISO-8601/0/Gregorian"},"time:unitType":{"id":"time:unitDay"}},"time:inXSDDateTimeStamp":{"type":"http://www.w3.org/2001/XMLSchema#dateTimeStamp","@value":"1796-09-07T00:00:00Z"}}],"prefLabel":{"be":"Іаган Каспар Шылер","ca":"Johann Kaspar Schiller","cs":"Johann Kaspar Schiller","da":"Johann Kaspar Schiller","de":"Johann Kaspar Schiller","en":"Johann Kaspar Schiller","es":"Johann Caspar Schiller","eu":"Johann Kaspar Schiller","fi":"Johann Kaspar Schiller","fr":"Johann Kaspar Schiller","hu":"Johann Kaspar Schiller","it":"Johann Kaspar Schiller","nb":"Johann Kaspar Schiller","nl":"Johann Caspar Schiller","nn":"Johann Kaspar Schiller","pl":"Johann Kaspar Schiller","pt":"Johann Kaspar Schiller","ru":"Иоганн Каспар Шиллер","sl":"Johann Kaspar Schiller","sq":"Johann Kaspar Schiller","sv":"Johann Kaspar Schiller","pt-br":"Johann Kaspar Schiller","be-tarask":"Ёган Каспар Шылер"},"type":["Person"],"description":{"de":"deutscher Offizier und Hofgärtner des Herzogs von Württemberg","en":"German officer and court gardener, father of Friedrich Schiller (1723-1796)","nl":"Duits botanicus (1723-1796)","ru":"немецкий офицер, отец Фридриха Шиллера"}}