{"sameAs":["http://viaf.org/viaf/14798293","http://id.worldcat.org/fast/228886","http://www.wikidata.org/entity/Q112258","https://isni.org/isni/0000000120956366","http://id.loc.gov/authorities/names/n88633204","http://d-nb.info/gnd/118599410","https://data.bnf.fr/ark:/12148/cb120954358","http://id.ndl.go.jp/auth/ndlna/001219388","http://datos.bne.es/resource/XX1406830","http://www.idref.fr/103646973","http://data.nlg.gr/resource/authority/A159796","http://data.bibliotheken.nl/doc/thes/p068679580","http://libris.kb.se/resource/auth/243017"],"bf:identifiedBy":[{"type":["bf:Identifier"],"rdf:value":"A24289620","rdfs:label":"NLP ID"},{"type":["bf:Identifier"],"rdf:value":"n01022241","rdfs:label":"NUKAT ID"},{"type":["bf:Identifier"],"rdf:value":"xx0143891","rdfs:label":"NKC ID"},{"type":["bf:Identifier"],"rdf:value":"9810601321205606","rdfs:label":"PLWABN ID"},{"type":["bf:Identifier"],"rdf:value":"ITICCUUBOV051755","rdfs:label":"ICCU ID"}],"child":["https://id.oclc.org/worldcat/entity/E39PBJgxttbrFMpPBC8rGXpdcP"],"placeOfBirth":["https://id.oclc.org/worldcat/entity/E39PBJx4pkFCgX7gBJ7hFTB773"],"placeOfDeath":["https://id.oclc.org/worldcat/entity/E39PBJh8KQxxpWKkxqqY3FBF8C"],"@context":"https://id.oclc.org/api/context.json","id":"https://id.oclc.org/worldcat/entity/E39PBJcBTQrKfBvwjQrG4bFtKd","dateOfBirth":[{"type":["time:Instant"],"time:inDateTime":{"type":["time:DateTimeDescription"],"time:day":{"type":"http://www.w3.org/2001/XMLSchema#gDay","@value":"----26"},"time:year":{"type":"http://www.w3.org/2001/XMLSchema#gYear","@value":"1757"},"time:month":{"type":"http://www.w3.org/2001/XMLSchema#gMonth","@value":"--10"},"time:hasTRS":{"id":"http://www.opengis.net/def/uom/ISO-8601/0/Gregorian"},"time:unitType":{"id":"time:unitDay"}},"time:inXSDDateTimeStamp":{"type":"http://www.w3.org/2001/XMLSchema#dateTimeStamp","@value":"1757-10-26T00:00:00Z"}}],"dateOfDeath":[{"type":["time:Instant"],"time:inDateTime":{"type":["time:DateTimeDescription"],"time:day":{"type":"http://www.w3.org/2001/XMLSchema#gDay","@value":"----10"},"time:year":{"type":"http://www.w3.org/2001/XMLSchema#gYear","@value":"1823"},"time:month":{"type":"http://www.w3.org/2001/XMLSchema#gMonth","@value":"--04"},"time:hasTRS":{"id":"http://www.opengis.net/def/uom/ISO-8601/0/Gregorian"},"time:unitType":{"id":"time:unitDay"}},"time:inXSDDateTimeStamp":{"type":"http://www.w3.org/2001/XMLSchema#dateTimeStamp","@value":"1823-04-10T00:00:00Z"}}],"prefLabel":{"ar":"كارل يونارد رينولد","az":"Karl Leonqard Reynqold","be":"Карл Леангард Рэйнгольд","ca":"Karl Leonhard Reinhold","cs":"Carl Leonhard Reinhold","da":"Carl Leonhard Reinhold","de":"Carl Leonhard Reinhold","ee":"Karl Leonhard Reinhold","en":"Karl Leonhard Reinhold","eo":"Karl Reinhold","es":"Karl Leonhard Reinhold","et":"Carl Leonhard Reinhold","fi":"Karl Leonhard Reinhold","fr":"Karl Leonhard Reinhold","ga":"Karl Leonhard Reinhold","he":"קרל לאונהארד ריינהולד","hu":"Carl Leonhard Reinhold","hy":"Կառլ Ռեյնգոլդ","id":"Karl Leonhard Reinhold","it":"Karl Leonhard Reinhold","ja":"カール・レオンハルト・ラインホルト","ka":"კარლ ლეონარდ რეინჰოლდი","la":"Carolus Leonardus Reinhold","mk":"Карл Леонхард Рајнхолд","nb":"Karl Leonhard Reinhold","nl":"Karl Leonhard Reinhold","nn":"Karl Leonhard Reinhold","oc":"Karl Leonhard Reinhold","pl":"Carl Leonhard Reinhold","pt":"Karl Leonhard Reinhold","ru":"Рейнгольд, Карл Леонгард","sk":"Karl Leonard Reinhold","sl":"Karl Leonhard Reinhold","sq":"Carl Leonhard Reinhold","sv":"Carl Leonhard Reinhold","zh":"卡尔·莱昂哈德·莱因霍尔德","ast":"Karl Leonhard Reinhold","nds":"Carl Leonhard Reinhold","pap":"Karl Leonhard Reinhold","pt-br":"Karl Leonhard Reinhold","zh-hans":"莱因霍尔德","zh-hant":"萊因霍爾德"},"altLabel":{"cs":["K. L. Reinhold","Karl Leonhard Reinhold","Br. Decius","Carolus Leonhardus Reinholdus","Reinhold Weltweiser","Reinhold Seliger Weltweiser","C. L. Reinhold"],"da":["Carl Leonard Reinhold","Karl Leonhard Reinhold"],"de":["Carl Leonhard Reinhold","Karl Leonhard Reinhold"],"es":["Carl Leonhard Reinhold"],"et":["Karl Leonhard Reinhold","Carl Reinhold"],"fi":["Carl Leonhard Reinhold","K. L. Reinhold","Karl Reinhold"],"ja":["ラインホルト"],"la":["Carolus Leonardus"],"pl":["Karl Leonhard Reinhold"],"ru":["Рейнгольд, Карл","Карл Рейнгольд","Карл Леонгард Рейнгольд","Рейнгольд Карл Леонгард","Рейнгольд, Карл Леонард","Рейнгольд К. Л.","Рейнгольд К."],"sv":["Karl Leonhard Reinhold"]},"type":["Person"],"description":{"ar":"فيلسوف نمساوي","bn":"অস্ট্রীয় দার্শনিক","ca":"filòsof austríac","cs":"rakouský filozof","da":"tysk professor","de":"österreichischer Philosoph und Autor der deutschen Aufklärung","en":"Austrian philosopher","eo":"aŭstra filozofo","es":"filósofo austríaco","et":"Austria filosoof","fr":"philosophe autrichien","ga":"fealsamh Ostarach","gl":"filósofo austríaco","he":"פילוסוף אוסטרי","hu":"osztrák filozófus","it":"filosofo austriaco","ka":"ავსტრიელი ფილოსოფოსი","mk":"австриски филозоф","nl":"filosoof uit Oostenrijk (1757-1823)","pt":"professor académico alemão","ro":"filosof austriac","sq":"filozof austriak","sv":"tysk professor","lfn":"filosofiste osteraices","pap":"filósofo oustriako","en-ca":"Austrian philosopher","en-gb":"Austrian philosopher"}}