{"sameAs":["http://viaf.org/viaf/10277492","http://www.wikidata.org/entity/Q73343","http://d-nb.info/gnd/10418342X","http://data.rism.info/id/rismid/pe348460"],"child":["https://id.oclc.org/worldcat/entity/E39PBJmTtYpvGrVYFX9RPRTrbd"],"sibling":["https://id.oclc.org/worldcat/entity/E39PBJyxhpkjfDtJd7G7cVc9Dq","https://id.oclc.org/worldcat/entity/E39PBJfmvw7FdJHxXxwWhWmfMP"],"placeOfBirth":["https://id.oclc.org/worldcat/entity/E39PBJh8TJRGMT9GYGHXft9dQq"],"placeOfDeath":["https://id.oclc.org/worldcat/entity/E39PBJh8TJRGMT9GYGHXft9dQq"],"@context":"https://id.oclc.org/api/context.json","id":"https://id.oclc.org/worldcat/entity/E39PBJckQmxxBgX8khdkVYfwmd","dateOfBirth":[{"type":["time:Instant"],"time:inDateTime":{"type":["time:DateTimeDescription"],"time:day":{"type":"http://www.w3.org/2001/XMLSchema#gDay","@value":"----22"},"time:year":{"type":"http://www.w3.org/2001/XMLSchema#gYear","@value":"1708"},"time:month":{"type":"http://www.w3.org/2001/XMLSchema#gMonth","@value":"--10"},"time:hasTRS":{"id":"http://www.opengis.net/def/uom/ISO-8601/0/Gregorian"},"time:unitType":{"id":"time:unitDay"}},"time:inXSDDateTimeStamp":{"type":"http://www.w3.org/2001/XMLSchema#dateTimeStamp","@value":"1708-10-22T00:00:00Z"}}],"dateOfDeath":[{"type":["time:Instant"],"time:inDateTime":{"type":["time:DateTimeDescription"],"time:day":{"type":"http://www.w3.org/2001/XMLSchema#gDay","@value":"----29"},"time:year":{"type":"http://www.w3.org/2001/XMLSchema#gYear","@value":"1790"},"time:month":{"type":"http://www.w3.org/2001/XMLSchema#gMonth","@value":"--08"},"time:hasTRS":{"id":"http://www.opengis.net/def/uom/ISO-8601/0/Gregorian"},"time:unitType":{"id":"time:unitDay"}},"time:inXSDDateTimeStamp":{"type":"http://www.w3.org/2001/XMLSchema#dateTimeStamp","@value":"1790-08-29T00:00:00Z"}}],"prefLabel":{"bg":"Лудвиг Гюнтер II (IV) фон Шварцбург-Рудолщат","ca":"Louis Günther II de Schwarzbourg-Rudolstadt","de":"Ludwig Günther II.","el":"Λουδοβίκος Γκύντερ Β΄ του Σβάρτσμπουργκ-Ρούντολστατ","en":"Louis Günther II, Prince of Schwarzburg-Rudolstadt","es":"Louis Günther II, Prince of Schwarzburg-Rudolstadt","fr":"Louis Günther II de Schwarzbourg-Rudolstadt","it":"Luigi Günther II di Schwarzburg-Rudolstadt","nl":"Lodewijk Gunther II van Schwarzburg-Rudolstadt","pl":"Ludwik Ginter II","ro":"Louis Günther al II-lea","ru":"Людвиг Гюнтер II Шварцбург-Рудольштадтский","sl":"Louis Günther II, Prince of Schwarzburg-Rudolstadt","sv":"Ludvig Günther II av Schwarzburg-Rudolstadt","zh":"路德維希·金特二世","arz":"لويس جونثر التانى امير شوارزبورج رودولشتات","sco":"Ludwig Günther II, Prince o Schwarzburg-Rudolstadt"},"altLabel":{"de":["Ludwig Günther II. von Schwarzburg-Rudolstadt"],"es":["Luis Gunter II de Schwarzburgo-Rudolstadt"],"sv":["Ludvig Gynther 02 av Schwarzburg-Rudolstadt"]},"type":["Person"],"description":{"ca":"aristòcrata alemany","de":"Fürst von Schwarzburg-Rudolstadt","en":"Prince of Schwarzburg-Rudolstadt","es":"aristócrata alemán","eu":"aristokrata alemaniarra","fr":"aristocrate allemand","gl":"aristócrata alemán","it":"regnante Principe di Schwarzburg-Rudolstadt","nl":"Duits aristocraat (1708-1790)","pl":"książę Schwarzburg-Rudolstadt","pt":"aristocrata alemão","ru":"князь Шварцбург-Рудольштадта","ast":"aristócrata alemán (1708–1790)"}}