{"sameAs":["http://viaf.org/viaf/100184045","http://id.worldcat.org/fast/30449","http://www.wikidata.org/entity/Q6527","https://isni.org/isni/0000000121451116","http://id.loc.gov/authorities/names/n79008220","http://d-nb.info/gnd/118603426","https://data.bnf.fr/ark:/12148/cb119228797","http://id.ndl.go.jp/auth/ndlna/00454830","http://datos.bne.es/resource/XX976371","http://vocab.getty.edu/ulan/500250225","http://vocab.getty.edu/ulan/500250225-agent","https://livedata.bibsys.no/authority/90053125","http://www.idref.fr/028202368","http://lod.nl.go.kr/resource/KAC199623614","http://data.nlg.gr/resource/authority/A61647","http://data.bibliotheken.nl/doc/thes/p339698268","http://data.rism.info/id/rismid/pe67075","http://id.bnportugal.gov.pt/aut/catbnp/20878","http://libris.kb.se/resource/auth/206561"],"bf:identifiedBy":[{"type":["bf:Identifier"],"rdf:value":"A11800732","rdfs:label":"NLP ID"},{"type":["bf:Identifier"],"rdf:value":"000026136","rdfs:label":"ARBABN ID"},{"type":["bf:Identifier"],"rdf:value":"0000033405","rdfs:label":"B2Q ID"},{"type":["bf:Identifier"],"rdf:value":"ADV10203067","rdfs:label":"BAV ID"},{"type":["bf:Identifier"],"rdf:value":"000587174","rdfs:label":"BLBND ID"},{"type":["bf:Identifier"],"rdf:value":"a10433648","rdfs:label":"BNC ID"},{"type":["bf:Identifier"],"rdf:value":"7717053","rdfs:label":"NLR ID"},{"type":["bf:Identifier"],"rdf:value":"000005743","rdfs:label":"NKS ID"},{"type":["bf:Identifier"],"rdf:value":"n96101177","rdfs:label":"NUKAT ID"},{"type":["bf:Identifier"],"rdf:value":"ncf10190274","rdfs:label":"CAOONL ID"},{"type":["bf:Identifier"],"rdf:value":"0053C0805","rdfs:label":"LAC ID"},{"type":["bf:Identifier"],"rdf:value":"LNB:V*165106;=BF","rdfs:label":"LIH ID"},{"type":["bf:Identifier"],"rdf:value":"000027345","rdfs:label":"LNB ID"},{"type":["bf:Identifier"],"rdf:value":"jn19990007193","rdfs:label":"NKC ID"},{"type":["bf:Identifier"],"rdf:value":"000114107","rdfs:label":"NLI ID"},{"type":["bf:Identifier"],"rdf:value":"9810569684905606","rdfs:label":"PLWABN ID"},{"type":["bf:Identifier"],"rdf:value":"000012741","rdfs:label":"BNCHL ID"},{"type":["bf:Identifier"],"rdf:value":"87097968888808","rdfs:label":"DBC ID"},{"type":["bf:Identifier"],"rdf:value":"vtls003921742","rdfs:label":"EGAXA ID"},{"type":["bf:Identifier"],"rdf:value":"35465222","rdfs:label":"NLA ID"},{"type":["bf:Identifier"],"rdf:value":"02-A000139771","rdfs:label":"RERO ID"},{"type":["bf:Identifier"],"rdf:value":"a11191995","rdfs:label":"ERRR ID"},{"type":["bf:Identifier"],"rdf:value":"ITICCUCFIV006663","rdfs:label":"ICCU ID"},{"type":["bf:Identifier"],"rdf:value":"987007267371605171","rdfs:label":"J9U ID"},{"type":["bf:Identifier"],"rdf:value":"5565027","rdfs:label":"SIMACOB ID"},{"type":["bf:Identifier"],"rdf:value":"vtls005045051","rdfs:label":"SKMASNL ID"}],"spouse":[{"id":"https://id.oclc.org/worldcat/entity/E39PBJv8J8HFcRcXTqbDqKh8md#3dff7662-4f94-401d-a160-d6549c1b6cca","type":"Role","carriedOutBy":"https://id.oclc.org/worldcat/entity/E39PBJpv3ypYVp6q7tx3PFTWDq"}],"placeOfBirth":["https://id.oclc.org/worldcat/entity/E39PBJjddCMV33kQxbVtWryGHC"],"placeOfDeath":["https://id.oclc.org/worldcat/entity/E39PBJcGrdMjvBfqrc94GyPCwC"],"@context":"https://id.oclc.org/api/context.json","id":"https://id.oclc.org/worldcat/entity/E39PBJv8J8HFcRcXTqbDqKh8md","dateOfBirth":[{"type":["time:Instant"],"time:inDateTime":{"type":["time:DateTimeDescription"],"time:day":{"type":"http://www.w3.org/2001/XMLSchema#gDay","@value":"----28"},"time:year":{"type":"http://www.w3.org/2001/XMLSchema#gYear","@value":"1712"},"time:month":{"type":"http://www.w3.org/2001/XMLSchema#gMonth","@value":"--06"},"time:hasTRS":{"id":"http://www.opengis.net/def/uom/ISO-8601/0/Gregorian"},"time:unitType":{"id":"time:unitDay"}},"time:inXSDDateTimeStamp":{"type":"http://www.w3.org/2001/XMLSchema#dateTimeStamp","@value":"1712-06-28T00:00:00Z"}}],"dateOfDeath":[{"type":["time:Instant"],"time:inDateTime":{"type":["time:DateTimeDescription"],"time:day":{"type":"http://www.w3.org/2001/XMLSchema#gDay","@value":"----02"},"time:year":{"type":"http://www.w3.org/2001/XMLSchema#gYear","@value":"1778"},"time:month":{"type":"http://www.w3.org/2001/XMLSchema#gMonth","@value":"--07"},"time:hasTRS":{"id":"http://www.opengis.net/def/uom/ISO-8601/0/Gregorian"},"time:unitType":{"id":"time:unitDay"}},"time:inXSDDateTimeStamp":{"type":"http://www.w3.org/2001/XMLSchema#dateTimeStamp","@value":"1778-07-02T00:00:00Z"}}],"prefLabel":{"af":"Jean-Jacques Rousseau","am":"ዣን-ዣክ ሩሦ","an":"Jean-Jacques Rousseau","ar":"جان جاك روسو","as":"জঁ-জাক ৰুছ’","ay":"Jean-Jacques Rousseau","az":"Jan Jak Russo","ba":"Жан-Жак Руссо","be":"Жан-Жак Русо","bg":"Жан-Жак Русо","bn":"জঁ-জাক রুসো","bo":"བཞང་བཞའ་ཀོ་ཝོའུ་སོ་","br":"Jean-Jacques Rousseau","bs":"Jean-Jacques Rousseau","ca":"Jean-Jacques Rousseau","ce":"Руссо, Жан-Жак","cs":"Jean-Jacques Rousseau","cy":"Jean-Jacques Rousseau","da":"Jean-Jacques Rousseau","de":"Jean-Jacques Rousseau","el":"Ζαν Ζακ Ρουσσώ","en":"Jean-Jacques Rousseau","eo":"Jean-Jacques Rousseau","es":"Jean-Jacques Rousseau","et":"Jean-Jacques Rousseau","eu":"Jean-Jacques Rousseau","fa":"ژان-ژاک روسو","fi":"Jean-Jacques Rousseau","fr":"Jean-Jacques Rousseau","fy":"Jean-Jacques Rousseau","ga":"Jean-Jacques Rousseau","gd":"Jean-Jacques Rousseau","gl":"Jean-Jacques Rousseau","gu":"જિન-જાક રુસો","he":"ז'אן-ז'אק רוסו","hi":"रूसो","hr":"Jean-Jacques Rousseau","ht":"Jean-Jacques Rousseau","hu":"Jean-Jacques Rousseau","hy":"Ժան Ժակ Ռուսո","ia":"Jean-Jacques Rousseau","id":"Jean-Jacques Rousseau","io":"Jean-Jacques Rousseau","is":"Jean-Jacques Rousseau","it":"Jean-Jacques Rousseau","ja":"ジャン＝ジャック・ルソー","jv":"Jean-Jacques Rousseau","ka":"ჟან-ჟაკ რუსო","kk":"Руссо Жан-Жак","kn":"ಜೀನ್-ಜಾಕ್ವೆಸ್ ರೂಸೋ","ko":"장자크 루소","ku":"Jean-Jacques Rousseau","ky":"Руссо, Жан-Жак","la":"Ioannes-Iacobus Rousseau","lb":"Jean-Jacques Rousseau","li":"Jean-Jacques Rousseau","lt":"Jean-Jacques Rousseau","lv":"Žans Žaks Ruso","mg":"Jean-Jacques Rousseau","mk":"Жан-Жак Русо","ml":"റുസ്സോ","mn":"Жан Жак Руссо","mr":"ज्यां-जाक रूसो","ms":"Jean-Jacques Rousseau","my":"ရူးဆိုးဂျေ၊ ဂျေ","nb":"Jean-Jacques Rousseau","ne":"जिन ज्याक्स रुसो","nl":"Jean-Jacques Rousseau","nn":"Jean-Jacques Rousseau","oc":"Jean-Jacques Rousseau","pa":"ਰੂਸੋ","pl":"Jean-Jacques Rousseau","ps":"ژان ژاك روسو","pt":"Jean-Jacques Rousseau","qu":"Jean-Jacques Rousseau","rm":"Jean-Jacques Rousseau","ro":"Jean-Jacques Rousseau","ru":"Жан-Жак Руссо","sc":"Jean-Jacques Rousseau","sd":"جين جيڪس روسو","sh":"Jean-Jacques Rousseau","sk":"Jean-Jacques Rousseau","sl":"Jean-Jacques Rousseau","so":"Jaan Jaak Rosoo","sq":"Jean-Jacques Rousseau","sr":"Жан Жак Русо","sv":"Jean-Jacques Rousseau","sw":"Jean-Jacques Rousseau","ta":"இழான் இழாக்கு உரூசோ","te":"జాన్ జాక్విస్ రూసో","th":"ฌ็อง-ฌัก รูโซ","tk":"Žan-Žak Russo","tl":"Jean-Jacques Rousseau","tr":"Jean-Jacques Rousseau","tt":"Jan-Jak Russo","uk":"Жан-Жак Руссо","ur":"جین جیکس روسو","uz":"Russo Jan Jak","vi":"Jean-Jacques Rousseau","vo":"Jean-Jacques Rousseau","wa":"Jean-Jacques Rousseau","yi":"זשאן-זשאק רוסא","yo":"Jean-Jacques Rousseau","zh":"让-雅克·卢梭","arz":"جان جاك روسو","ast":"Jean-Jacques Rousseau","azb":"ژان ژاک روسو","bxr":"Жан Жак Руссо","cdo":"Jean-Jacques Rousseau","ceb":"Jean-Jacques Rousseau","ckb":"ژان ژاک رۆسۆ","crh":"Jan-Jak Russo","diq":"Jean-Jacques Rousseau","ext":"Jean-Jacques Rousseau","frp":"Jian Jâque Rousseau","frr":"Jean-Jacques Rousseau","gom":"रुसो, जाँ जॅक","gsw":"Jean-Jacques Rousseau","hif":"Jean-Jacques Rousseau","ilo":"Jean-Jacques Rousseau","kab":"Jean-Jacques Rousseau","lez":"Жан-Жак Руссо","lfn":"Jean-Jacques Rousseau","lij":"Jean-Jacques Rousseau","lmo":"Jean-Jacques Rousseau","mrj":"Руссо, Жан-Жак","myv":"Жан Жак Руссо","nds":"Jean-Jacques Rousseau","pap":"Jean-Jacques Rousseau","pcd":"Jean-Jacques Rousseau","pms":"Jean-Jacques Rousseau","pnb":"روسو","rue":"Жан-Жак Руссо","sah":"Жан-Жак Руссо","sat":"ᱡᱮᱸ ᱡᱮᱸᱠ ᱨᱩᱥᱳ","scn":"Jean-Jacques Rousseau","sco":"Jean-Jacques Rousseau","vec":"Jean-Jacques Rousseau","vep":"Russo Žan-Žak","war":"Jean-Jacques Rousseau","wuu":"颅缩","xmf":"ჟან-ჟაკ რუსო","de-ch":"Jean-Jacques Rousseau","en-ca":"Jean-Jacques Rousseau","en-gb":"Jean-Jacques Rousseau","pt-br":"Jean-Jacques Rousseau","zh-tw":"讓-雅克·盧梭","nds-nl":"Jean-Jacques Rousseau","roa-tara":"Jean-Jacques Rousseau","be-tarask":"Жан-Жак Русо"},"altLabel":{"ar":["جين جاك روسو","جون جاك روسو","روسو","چان چاك روسو"],"bg":["Rousseau"],"ca":["Rousseau"],"cs":["Jan Giacom Rousseau","Johann Jacob Rousseau","Jan Jakób Rousseau","Juan Jacobo Rousseau"],"de":["Johann Jakob Roußeau","Rousseau"],"en":["Juan Jacobo Rousseau","Lu-so","Jean Jacques Rousseau","Zhan Zhak Russo","Jean Jacques","Jean Jaques Rousseau","Citizen of Geneva","Jan Jakub Rouseau","G. G. Rousseau","Rousseau","J. J. Rousseau","John James Rousseau","Citoyen de Genève","Gian Giacomo Rousseau","Johann Jacob Rousseau","Jean Jeacques Rousseau"],"eo":["Johano-Jakobo Rousseau"],"es":["Rousseau"],"eu":["Rousseau"],"fr":["Jean-Jacques Rousseau","Monsieur Renou","Rousseau, Jean-Jacques","Rousseau","J. J. Rousseau"],"gu":["રુસો"],"he":["רוסא, זשאן־זשאק"],"la":["Ioannes Iacobus Russavius"],"lt":["Žanas Žakas Ruso"],"ro":["Jean Jacques Rousseau"],"ru":["Rousseau","Руссо Жан-Жак"],"sr":["Žan Žak Ruso"],"sv":["Rousseau","Jean Jacques Rousseau"],"zh":["盧梭","卢梭"]},"type":["Person"],"description":{"af":"Franse filosoof, skrywer en komponis","ar":"فيلسوف سويسري/ فرنسي بارز","ay":"Phransiya Switsira jacha marka Yachachijg Yatichiri, Lup'intawiri & qillqiri","bn":"ফরাসি দার্শনিক","br":"skrivagner gallek","ca":"Escriptor i filòsof suís en llengua francesa","cs":"francouzský filozof a preromantický spisovatel švýcarského původu","da":"schweizisk filosof (1712-1778)","de":"französischsprachiger Philosoph und Schriftsteller","dv":"ލިޔުންތެރިއެއް","el":"Ελβετός φιλόσοφος, συγγραφέας, πολιτικός θεωρητικός, και αυτοδίδακτος συνθέτης","en":"Genevan philosopher, writer and composer (1712–1778)","eo":"svisa filozofo","es":"filósofo, botánico y compositor suizo","et":"Prantsuse filosoof ja kirjanik","eu":"filosofo, pedagogo, idazle, musikari entziklopedista ilustratua","fa":"روشنفکر و نظریه پرداز سوئیسی","fr":"philosophe, compositeur et critique musical genevois","gl":"filósofo, escritor, teórico político e un compositor suízo","gu":"ફ્રેન્ચ ચિંતક અને લેખક","ia":"philosopho genevese","it":"filosofo, scrittore e musicista svizzero di lingua francese","ja":"哲学者、政治哲学者、作曲家","lb":"Schwäizer Schrëftsteller a Philosoph","lt":"Filosofas, rašytojas ir kompozitorius","nb":"fransk filosof og forfatter","nl":"Frans filosoof","pl":"szwajcarski filozof, pisarz i pedagog","pt":"filósofo, teórico político, escritor e compositor autodidata genebrino","qu":"Suwisa-Ransiya mama llaqtayuq yachachiq, qillqaq wan yachay wayllukuq","ru":"французский деятель эпохи Просвещения","sr":"швајцарско-француски филозоф, писац, политички теоретичар и самоуки композитор","sv":"schweizisk-fransk författare, politisk philosophe och autodidaktisk kompositör, som verkade under upplysningen","tr":"Cenevreli filozof ve yazar","zh":"法国哲学家","ilo":"Hinebrino a pilosopo","zh-tw":"啟蒙時代的瑞士裔法國思想家、哲學家、政治理論家和作曲家"}}