{"sameAs":["http://viaf.org/viaf/3222033","http://id.worldcat.org/fast/1680980","http://www.wikidata.org/entity/Q23059251","https://isni.org/isni/0000000083514613","http://id.loc.gov/authorities/names/nb2007017361","http://d-nb.info/gnd/116428546","https://data.bnf.fr/ark:/12148/cb16232280g","http://vocab.getty.edu/ulan/500088833","http://vocab.getty.edu/ulan/500088833-agent","http://www.idref.fr/140841881","http://data.bibliotheken.nl/doc/thes/p302563113","http://libris.kb.se/resource/auth/327311"],"bf:identifiedBy":[{"type":["bf:Identifier"],"rdf:value":"xx0103497","rdfs:label":"NKC ID"}],"sibling":["https://id.oclc.org/worldcat/entity/E39PBJycRRj6GBBQ8jWvckfDv3"],"spouse":[{"id":"https://id.oclc.org/worldcat/entity/E39PBJghj7ddjydPDXQJmpFqcP#070b6436-f6a5-4513-9ccb-32eb64d3dd74","type":"Role","carriedOutBy":"https://id.oclc.org/worldcat/entity/E39PBJqvT9hGdVm9QJ44bGfg8C"}],"placeOfBirth":["https://id.oclc.org/worldcat/entity/E39PBJhRCXwKRrmwJMYVk8XTpP"],"placeOfDeath":["https://id.oclc.org/worldcat/entity/E39PBJrrrjdhjQjd6YjYDvttKd"],"@context":"https://id.oclc.org/api/context.json","id":"https://id.oclc.org/worldcat/entity/E39PBJghj7ddjydPDXQJmpFqcP","dateOfBirth":[{"type":["time:Instant"],"time:inDateTime":{"type":["time:DateTimeDescription"],"time:day":{"type":"http://www.w3.org/2001/XMLSchema#gDay","@value":"----04"},"time:year":{"type":"http://www.w3.org/2001/XMLSchema#gYear","@value":"1757"},"time:month":{"type":"http://www.w3.org/2001/XMLSchema#gMonth","@value":"--09"},"time:hasTRS":{"id":"http://www.opengis.net/def/uom/ISO-8601/0/Gregorian"},"time:unitType":{"id":"time:unitDay"}},"time:inXSDDateTimeStamp":{"type":"http://www.w3.org/2001/XMLSchema#dateTimeStamp","@value":"1757-09-04T00:00:00Z"}}],"dateOfDeath":[{"type":["time:Instant"],"time:inDateTime":{"type":["time:DateTimeDescription"],"time:day":{"type":"http://www.w3.org/2001/XMLSchema#gDay","@value":"----31"},"time:year":{"type":"http://www.w3.org/2001/XMLSchema#gYear","@value":"1847"},"time:month":{"type":"http://www.w3.org/2001/XMLSchema#gMonth","@value":"--08"},"time:hasTRS":{"id":"http://www.opengis.net/def/uom/ISO-8601/0/Gregorian"},"time:unitType":{"id":"time:unitDay"}},"time:inXSDDateTimeStamp":{"type":"http://www.w3.org/2001/XMLSchema#dateTimeStamp","@value":"1847-08-31T00:00:00Z"}}],"prefLabel":{"ca":"Christophine Reinwald","da":"Christophine Reinwald","de":"Christophine Reinwald","en":"Christophine Reinwald","es":"Christophine Reinwald","fr":"Christophine Reinwald","it":"Christophine Reinwald","nl":"Christophine Reinwald","pt":"Christophine Reinwald","sv":"Christophine Reinwald","ast":"Christophine Reinwald","en-ca":"Christophine Reinwald","en-gb":"Christophine Reinwald","pt-br":"Christophine Reinwald"},"altLabel":{"da":["Elisabetha Christophine Friederike Schiller","Christophine Schiller"],"de":["Elisabetha Christophine Friederike Schiller","Elisabetha Christophine Friederike Reinwald"],"en":["Christophine nee Schiller Reinwald","Christophine Schiller","Elisabetha Christophine Friederike Schiller"]},"givenName":{"de":["Christophine Schiller"]},"type":["Person"],"description":{"de":"Schwester von Friedrich Schiller","en":"German artist (1757–1847)","nl":"schrijver"}}