{"sameAs":["http://viaf.org/viaf/12303259","http://www.wikidata.org/entity/Q119112","https://isni.org/isni/0000000108700202","http://id.loc.gov/authorities/names/no92015052","http://d-nb.info/gnd/119371456","https://data.bnf.fr/ark:/12148/cb118864257","http://www.idref.fr/133744426","http://data.bibliotheken.nl/doc/thes/p069803765","http://data.rism.info/id/rismid/pe20002467"],"bf:identifiedBy":[{"type":["bf:Identifier"],"rdf:value":"A21118152","rdfs:label":"NLP ID"},{"type":["bf:Identifier"],"rdf:value":"n01026125","rdfs:label":"NUKAT ID"},{"type":["bf:Identifier"],"rdf:value":"jn20000601871","rdfs:label":"NKC ID"},{"type":["bf:Identifier"],"rdf:value":"9810531241905606","rdfs:label":"PLWABN ID"}],"@context":"https://id.oclc.org/api/context.json","id":"https://id.oclc.org/worldcat/entity/E39PBJht6Xjp3Rxpyh8pr49hpP","dateOfBirth":[{"type":["time:Instant"],"time:inDateTime":{"type":["time:DateTimeDescription"],"time:day":{"type":"http://www.w3.org/2001/XMLSchema#gDay","@value":"----06"},"time:year":{"type":"http://www.w3.org/2001/XMLSchema#gYear","@value":"1865"},"time:month":{"type":"http://www.w3.org/2001/XMLSchema#gMonth","@value":"--11"},"time:hasTRS":{"id":"http://www.opengis.net/def/uom/ISO-8601/0/Gregorian"},"time:unitType":{"id":"time:unitDay"}},"time:inXSDDateTimeStamp":{"type":"http://www.w3.org/2001/XMLSchema#dateTimeStamp","@value":"1865-11-06T00:00:00Z"}}],"dateOfDeath":[{"type":["time:Instant"],"time:inDateTime":{"type":["time:DateTimeDescription"],"time:day":{"type":"http://www.w3.org/2001/XMLSchema#gDay","@value":"----25"},"time:year":{"type":"http://www.w3.org/2001/XMLSchema#gYear","@value":"1947"},"time:month":{"type":"http://www.w3.org/2001/XMLSchema#gMonth","@value":"--10"},"time:hasTRS":{"id":"http://www.opengis.net/def/uom/ISO-8601/0/Gregorian"},"time:unitType":{"id":"time:unitDay"}},"time:inXSDDateTimeStamp":{"type":"http://www.w3.org/2001/XMLSchema#dateTimeStamp","@value":"1947-10-25T00:00:00Z"}}],"prefLabel":{"ca":"Alexander von Gleichen-Rußwurm","cs":"Alex v. Gleichen-Russwurm","de":"Alexander von Gleichen-Rußwurm","en":"Alexander von Gleichen-Rußwurm","es":"Alexander von Gleichen-Rußwurm","fr":"Alexander von Gleichen-Rußwurm","it":"Alexander von Gleichen-Rußwurm","nl":"Alexander von Gleichen-Rußwurm","oc":"Alexander von Gleichen-Rußwurm","sl":"Alexander von Gleichen-Rußwurm","sv":"Alexander von Gleichen-Russwurm","ast":"Alexander von Gleichen-Rußwurm","de-ch":"Alexander von Gleichen-Russwurm"},"altLabel":{"cs":["Alexander von Gleichen Russwurm","Karl A. Gleichen-Rußwurm","Alexander Gleichen-Rußwurm","Heinrich Adelbert Konrad Carl Alexander Schiller von Gleichen-Rußwurm"],"de":["Mäusebaron","Karl Alexander Freiherr von Gleichen-Rußwurm","Heinrich Adalbert Carl Alexander Konrad Schiller","Freiherr von Gleichen, genannt von Rußwurm"],"it":["Mäusebaron","Heinrich Adalbert Carl Alexander Konrad Schiller"],"nl":["Alexander von Gleichen-Russwurm"]},"type":["Person"],"description":{"ar":"مؤلف ألماني","br":"skrivagner alaman","ca":"escriptor alemany","de":"deutscher Schriftsteller","dv":"ލިޔުންތެރިއެއް","en":"German author (1865-1947)","es":"escritor alemán","eu":"idazle alemaniarra","fa":"نویسنده آلمانی","fr":"écrivain allemand","ga":"údar Gearmánach","gl":"escritor alemán","it":"scrittore tedesco","nl":"Duits schrijver (1865-1947)","pt":"escritor alemão","ast":"escritor alemán (1865–1947)"}}