{"sameAs":["http://viaf.org/viaf/29674360","http://id.worldcat.org/fast/247816","http://www.wikidata.org/entity/Q75960","https://isni.org/isni/0000000116140284","http://id.loc.gov/authorities/names/nr89003573","http://d-nb.info/gnd/118771272","https://data.bnf.fr/ark:/12148/cb131921173","http://id.ndl.go.jp/auth/ndlna/01005629","http://datos.bne.es/resource/XX4580492","http://www.idref.fr/035481951","http://data.nlg.gr/resource/authority/A121365","http://data.bibliotheken.nl/doc/thes/p117371416","http://libris.kb.se/resource/auth/256359"],"bf:identifiedBy":[{"type":["bf:Identifier"],"rdf:value":"A24436963","rdfs:label":"NLP ID"},{"type":["bf:Identifier"],"rdf:value":"n2012250356","rdfs:label":"NUKAT ID"},{"type":["bf:Identifier"],"rdf:value":"mzk2012686997","rdfs:label":"NKC ID"},{"type":["bf:Identifier"],"rdf:value":"000523234","rdfs:label":"NLI ID"},{"type":["bf:Identifier"],"rdf:value":"9810630680705606","rdfs:label":"PLWABN ID"},{"type":["bf:Identifier"],"rdf:value":"987007290177505171","rdfs:label":"J9U ID"}],"placeOfBirth":["https://id.oclc.org/worldcat/entity/E39PBJh8TJRGMT9GYGHXft9dQq"],"placeOfDeath":["https://id.oclc.org/worldcat/entity/E39PBJd8dQHrtpjrtgW868fH4q"],"@context":"https://id.oclc.org/api/context.json","id":"https://id.oclc.org/worldcat/entity/E39PBJcWtKByMtYdpXpgH9F3Qq","dateOfBirth":[{"type":["time:Instant"],"time:inDateTime":{"type":["time:DateTimeDescription"],"time:day":{"type":"http://www.w3.org/2001/XMLSchema#gDay","@value":"----03"},"time:year":{"type":"http://www.w3.org/2001/XMLSchema#gYear","@value":"1763"},"time:month":{"type":"http://www.w3.org/2001/XMLSchema#gMonth","@value":"--02"},"time:hasTRS":{"id":"http://www.opengis.net/def/uom/ISO-8601/0/Gregorian"},"time:unitType":{"id":"time:unitDay"}},"time:inXSDDateTimeStamp":{"type":"http://www.w3.org/2001/XMLSchema#dateTimeStamp","@value":"1763-02-03T00:00:00Z"}}],"dateOfDeath":[{"type":["time:Instant"],"time:inDateTime":{"type":["time:DateTimeDescription"],"time:day":{"type":"http://www.w3.org/2001/XMLSchema#gDay","@value":"----11"},"time:year":{"type":"http://www.w3.org/2001/XMLSchema#gYear","@value":"1847"},"time:month":{"type":"http://www.w3.org/2001/XMLSchema#gMonth","@value":"--01"},"time:hasTRS":{"id":"http://www.opengis.net/def/uom/ISO-8601/0/Gregorian"},"time:unitType":{"id":"time:unitDay"}},"time:inXSDDateTimeStamp":{"type":"http://www.w3.org/2001/XMLSchema#dateTimeStamp","@value":"1847-01-11T00:00:00Z"}}],"prefLabel":{"ca":"Caroline von Wolzogen","cy":"Caroline von Wolzogen","da":"Karoline von Wolzogen","de":"Caroline von Wolzogen","ee":"Karoline von Wolzogen","en":"Caroline von Wolzogen","eo":"Caroline von Wolzogen","es":"Caroline von Wolzogen","fi":"Caroline von Wolzogen","fr":"Caroline von Wolzogen","it":"Caroline von Wolzogen","la":"Carolina von Wolzogen","nb":"Karoline von Wolzogen","nl":"Caroline von Wolzogen","nn":"Karoline von Wolzogen","oc":"Caroline von Wolzogen","pl":"Karoline von Wolzogen","pt":"Karoline von Wolzogen","ru":"Каролина фон Вольцоген","sl":"Caroline von Wolzogen","sv":"Caroline von Wolzogen","fit":"Caroline von Wolzogen","pt-br":"Karoline von Wolzogen","zh-hant":"卡蘿琳·馮·沃爾柔根"},"altLabel":{"de":["Caroline von Lengefeld","Caroline von Beulwitz","Karoline von Wolzogen","Karoline von Lengefeld","Karoline von Beulwitz"],"en":["Karoline von Wolzogen"],"es":["Karoline von Wolzogen"],"fi":["Karoline von Wolzogen","Caroline Auguste Friederike Sophie von Wolzogen"],"fr":["Karoline von Wolzogen"],"it":["Karoline von Wolzogen"],"nl":["Karoline von Wolzogen"],"ru":["Вольцоген, Каролина"],"sv":["Caroline Auguste Friederike Sophie von Wolzogen","Karoline von Wolzogen"]},"type":["Person"],"description":{"an":"escritora alemana","ar":"كاتبة ألمانية","bn":"জার্মান লেখিকা","ca":"escriptora alemanya","da":"tysk skribent","de":"deutsche Schriftstellerin","dv":"ލިޔުންތެރިއެއް","en":"German writer (1763-1847)","es":"escritora alemana","et":"Saksamaa kirjanik","fa":"نویسنده آلمانی","fr":"écrivaine allemande","ga":"scríbhneoir Gearmánach","gl":"escritora alemá","he":"סופרת גרמנייה","it":"scrittrice tedesca","ml":"ജര്‍മ്മനിയിലെ രചയിതാവ്","nb":"tysk skribent","nl":"Duits schrijfster","nn":"tysk skribent","oc":"escrivana alemanda","ro":"scriitoare germană","sq":"shkrimtare gjermane","sv":"tysk författare","ast":"escritora alemana","en-ca":"German writer","en-gb":"German writer"}}