{"sameAs":["http://viaf.org/viaf/96994450","http://id.worldcat.org/fast/43331","http://www.wikidata.org/entity/Q22670","https://isni.org/isni/0000000121032691","http://id.loc.gov/authorities/names/n79111538","http://d-nb.info/gnd/118607626","https://data.bnf.fr/ark:/12148/cb11887510q","https://data.bnf.fr/ark:/12148/cb11887510","http://id.ndl.go.jp/auth/ndlna/00455554","http://datos.bne.es/resource/XX1144351","http://vocab.getty.edu/ulan/500228189","http://vocab.getty.edu/ulan/500228189-agent","https://livedata.bibsys.no/authority/90051449","http://www.idref.fr/026670488","http://lod.nl.go.kr/resource/KAC199625160","http://data.nlg.gr/resource/authority/A109991","http://data.bibliotheken.nl/doc/thes/p06828151X","http://data.rism.info/id/rismid/pe127603","http://id.bnportugal.gov.pt/aut/catbnp/62879","http://libris.kb.se/resource/auth/206693"],"bf:identifiedBy":[{"type":["bf:Identifier"],"rdf:value":"A11802662","rdfs:label":"NLP ID"},{"type":["bf:Identifier"],"rdf:value":"000048832","rdfs:label":"ARBABN ID"},{"type":["bf:Identifier"],"rdf:value":"0000035302","rdfs:label":"B2Q ID"},{"type":["bf:Identifier"],"rdf:value":"ADV10212559","rdfs:label":"BAV ID"},{"type":["bf:Identifier"],"rdf:value":"000159957","rdfs:label":"BLBND ID"},{"type":["bf:Identifier"],"rdf:value":"a10486033","rdfs:label":"BNC ID"},{"type":["bf:Identifier"],"rdf:value":"7729698","rdfs:label":"NLR ID"},{"type":["bf:Identifier"],"rdf:value":"000006500","rdfs:label":"NKS ID"},{"type":["bf:Identifier"],"rdf:value":"n94002260","rdfs:label":"NUKAT ID"},{"type":["bf:Identifier"],"rdf:value":"ncf10057161","rdfs:label":"CAOONL ID"},{"type":["bf:Identifier"],"rdf:value":"LNB:V*108876;=BQ","rdfs:label":"LIH ID"},{"type":["bf:Identifier"],"rdf:value":"000019716","rdfs:label":"LNB ID"},{"type":["bf:Identifier"],"rdf:value":"jn19992001048","rdfs:label":"NKC ID"},{"type":["bf:Identifier"],"rdf:value":"000117666","rdfs:label":"NLI ID"},{"type":["bf:Identifier"],"rdf:value":"9810572209805606","rdfs:label":"PLWABN ID"},{"type":["bf:Identifier"],"rdf:value":"000017160","rdfs:label":"BNCHL ID"},{"type":["bf:Identifier"],"rdf:value":"87097968909740","rdfs:label":"DBC ID"},{"type":["bf:Identifier"],"rdf:value":"vtls001033162","rdfs:label":"EGAXA ID"},{"type":["bf:Identifier"],"rdf:value":"000058276","rdfs:label":"UIY ID"},{"type":["bf:Identifier"],"rdf:value":"000033589","rdfs:label":"VLACC ID"},{"type":["bf:Identifier"],"rdf:value":"35480245","rdfs:label":"NLA ID"},{"type":["bf:Identifier"],"rdf:value":"02-A000145045","rdfs:label":"RERO ID"},{"type":["bf:Identifier"],"rdf:value":"a1120719x","rdfs:label":"ERRR ID"},{"type":["bf:Identifier"],"rdf:value":"ITICCUVBAV000092","rdfs:label":"ICCU ID"},{"type":["bf:Identifier"],"rdf:value":"987007267612005171","rdfs:label":"J9U ID"},{"type":["bf:Identifier"],"rdf:value":"7200355","rdfs:label":"SIMACOB ID"},{"type":["bf:Identifier"],"rdf:value":"vtls010234239","rdfs:label":"SKMASNL ID"}],"image":["https://en.wikipedia.org/wiki/Friedrich_Schiller#/media/File:Friedrich_Schiller_by_Ludovike_Simanowiz.jpg"],"relatedPerson":["https://id.oclc.org/worldcat/entity/E39PBJg4hjRHMtQrc4Y9t7WqwC","https://id.oclc.org/worldcat/entity/E39PBJcWtKByMtYdpXpgH9F3Qq","https://id.oclc.org/worldcat/entity/E39PBJckQmxxBgX8khdkVYfwmd","https://id.oclc.org/worldcat/entity/E39PBJht6Xjp3Rxpyh8pr49hpP"],"child":["https://id.oclc.org/worldcat/entity/E39PBJxhtrWg6bXC6JqqMc7T73","https://id.oclc.org/worldcat/entity/E39PBJrKVq8FWdQTqVhpmkPG73"],"influencedBy":["https://id.oclc.org/worldcat/entity/E39PBJwmW8rQhgGKyX4rvgdPcP","https://id.oclc.org/worldcat/entity/E39PBJbtrhcCX8cjqWBhh7bcfq","https://id.oclc.org/worldcat/entity/E39PBJcBTQrKfBvwjQrG4bFtKd","https://id.oclc.org/worldcat/entity/E39PBJvXh7Vk4TRQQRgyrpYdcP","https://id.oclc.org/worldcat/entity/E39PBJv8J8HFcRcXTqbDqKh8md"],"parent":["https://id.oclc.org/worldcat/entity/E39PBJwmYThD46PR96XWggcgKd","https://id.oclc.org/worldcat/entity/E39PBJxrPX4txgXT8RF6c4RYfq"],"sibling":["https://id.oclc.org/worldcat/entity/E39PBJghj7ddjydPDXQJmpFqcP"],"spouse":[{"id":"https://id.oclc.org/worldcat/entity/E39PBJycRRj6GBBQ8jWvckfDv3#2f1fc84d-a756-448c-8f46-07378916df1a","type":"Role","carriedOutBy":"https://id.oclc.org/worldcat/entity/E39PBJmXJCgFvjwWychJ4JpMfq"}],"placeOfBirth":["https://id.oclc.org/worldcat/entity/E39PBJhRCXwKRrmwJMYVk8XTpP"],"placeOfDeath":["https://id.oclc.org/worldcat/entity/E39PBJpV9xKyQMhtj74FdpWFKd"],"residence":["https://id.oclc.org/worldcat/entity/E39PBJcKJ8k6gkpRfDmKDvyyBP","https://id.oclc.org/worldcat/entity/E39PBJvxvw78PvW8b8WjRmvj4q","https://id.oclc.org/worldcat/entity/E39QbtfRr4CCBrwdhVV7m4b4Cp"],"occupation":["https://id.worldcat.org/fast/897549"],"fieldOfActivity":["https://id.worldcat.org/fast/897549","https://id.worldcat.org/fast/1060746","https://id.worldcat.org/fast/957686"],"genreOfActivity":["https://id.worldcat.org/fast/1423828"],"@context":"https://id.oclc.org/api/context.json","id":"https://id.oclc.org/worldcat/entity/E39PBJycRRj6GBBQ8jWvckfDv3","dateOfBirth":[{"type":["time:Instant"],"time:inDateTime":{"type":["time:DateTimeDescription"],"time:day":{"type":"http://www.w3.org/2001/XMLSchema#gDay","@value":"----10"},"time:year":{"type":"http://www.w3.org/2001/XMLSchema#gYear","@value":"1759"},"time:month":{"type":"http://www.w3.org/2001/XMLSchema#gMonth","@value":"--11"},"time:hasTRS":{"id":"http://www.opengis.net/def/uom/ISO-8601/0/Gregorian"},"time:unitType":{"id":"time:unitDay"}},"time:inXSDDateTimeStamp":{"type":"http://www.w3.org/2001/XMLSchema#dateTimeStamp","@value":"1759-11-10T00:00:00Z"}}],"dateOfDeath":[{"type":["time:Instant"],"time:inDateTime":{"type":["time:DateTimeDescription"],"time:day":{"type":"http://www.w3.org/2001/XMLSchema#gDay","@value":"----09"},"time:year":{"type":"http://www.w3.org/2001/XMLSchema#gYear","@value":"1805"},"time:month":{"type":"http://www.w3.org/2001/XMLSchema#gMonth","@value":"--05"},"time:hasTRS":{"id":"http://www.opengis.net/def/uom/ISO-8601/0/Gregorian"},"time:unitType":{"id":"time:unitDay"}},"time:inXSDDateTimeStamp":{"type":"http://www.w3.org/2001/XMLSchema#dateTimeStamp","@value":"1805-05-09T00:00:00Z"}}],"prefLabel":{"af":"Friedrich Schiller","am":"Friedrich Schiller","an":"Friedrich von Schiller","ar":"فريدريك شيلر","ay":"Friedrich Schiller","az":"Fridrix Şiller","be":"Фрыдрых Шылер","bg":"Фридрих Шилер","bn":"ফ্রেডরিখ শিলার","br":"Friedrich von Schiller","bs":"Friedrich Schiller","ca":"Friedrich von Schiller","cs":"Friedrich Schiller","cy":"Friedrich Schiller","da":"Friedrich Schiller","de":"Friedrich Schiller","el":"Φρίντριχ Σίλερ","en":"Friedrich Schiller","eo":"Friedrich Schiller","es":"Friedrich Schiller","et":"Friedrich Schiller","eu":"Friedrich Schiller","fa":"فریدریش شیلر","fi":"Friedrich Schiller","fo":"Friedrich Schiller","fr":"Friedrich Schiller","fy":"Friedrich von Schiller","ga":"Friedrich Schiller","gl":"Friedrich Schiller","he":"פרידריך שילר","hi":"फ्रेडरिक शिलर","hr":"Friedrich Schiller","hu":"Friedrich Schiller","hy":"Ֆրիդրիխ Շիլլեր","ia":"Friedrich Schiller","id":"Friedrich Schiller","ie":"Friedrich Schiller","io":"Friedrich Schiller","is":"Friedrich Schiller","it":"Friedrich Schiller","ja":"フリードリヒ・フォン・シラー","jv":"Friedrich Schiller","ka":"ფრიდრიხ შილერი","ki":"Friedrich Schiller","kk":"Фридрих Шиллер","km":"Friedrich Schiller","ko":"프리드리히 실러","ku":"Friedrich Schiller","ky":"Шиллер Иоган Кристоф Фридрих","la":"Fridericus Schiller","lb":"Friedrich Schiller","lt":"Frydrichas Šileris","lv":"Frīdrihs Šillers","mg":"Friedrich von Schiller","mk":"Фридрих Шилер","ml":"ഫ്രെഡറിക് ഷില്ലർ","my":"ရှီးလား၊ ဂျေအက်","nb":"Friedrich Schiller","nl":"Friedrich Schiller","nn":"Friedrich Schiller","oc":"Friedrich von Schiller","om":"Friedrich Schiller","pa":"ਫ਼ਰੀਡਰਿਸ਼ ਸ਼ਿੱਲਰ","pl":"Friedrich Schiller","pt":"Friedrich Schiller","qu":"Friedrich Schiller","ro":"Friedrich Schiller","ru":"Фридрих Шиллер","sh":"Friedrich Schiller","sk":"Friedrich Schiller","sl":"Friedrich Schiller","sm":"Friedrich Schiller","sq":"Friedrich Schiller","sr":"Фридрих Шилер","sv":"Friedrich Schiller","ta":"பிரெடெரிக் ஷில்லர்","th":"ฟรีดริช ชิลเลอร์","ti":"ፍሪድርክ ሺለር","tr":"Friedrich Schiller","ts":"Friedrich Schiller","uk":"Йоганн-Фрідріх Шиллер","uz":"Fridrix Shiller","vi":"Friedrich Schiller","yi":"פרידריך שילער","yo":"Friedrich Schiller","zh":"弗里德里希·席勒","arz":"فريدريك شيلر","ast":"Friedrich Schiller","avk":"Friedrich von Schiller","azb":"فریدریش شیلر","bar":"Friedrich Schiller","ckb":"شیلەر","diq":"Friedrich Schiller","eml":"Friedrich Schiller","ext":"Friedrich Schiller","gsw":"Friedrich Schiller","haw":"Friedrich Schiller","hsb":"Friedrich Schiller","hyw":"Եօհան Ֆրիտրիխ Շիլլեր","mrj":"Шиллер","mzn":"فریدریش شیلر","nds":"Friedrich von Schiller","pfl":"Friedrich Schiller","pms":"Friedrich Schiller","pnt":"Φρίντριχ Σίλερ","scn":"Friedrich Schiller","sco":"Friedrich Schiller","stq":"Friedrich Schiller","war":"Friedrich Schiller","wuu":"弗里德里希·席勒","de-ch":"Friedrich Schiller","en-ca":"Friedrich Schiller","en-gb":"Friedrich Schiller","pt-br":"Friedrich Schiller","zh-hk":"費德里希·師拿","be-tarask":"Фрыдрых Шылер"},"altLabel":{"an":["Schiller","Friedrich Schiller","Johann Christoph Friedrich von Schiller"],"ar":["فريدريش شريلر","شيلر","فريدريش شيللر","فريدريش فون شيلر","فريدرش شيلر","فريدريش فون شيللر","فريدرخ شيلر"],"be":["Ф. Шылер","Шылер"],"bg":["Шилер"],"br":["Friedrich Schiller"],"bs":["Johann Christoph Friedrich Schiller","Friedrich von Schiller"],"ca":["Von Schiller","Friedrich Schiller"],"cs":["Friedrich von Schiller","Friedrich Schüller","Johann Christoph Friedrich von Schiller","Bedřich Schiller"],"da":["Johann Christoph Friedrich von Schiller","Schiller"],"de":["Johann Christoph Friedrich von Schiller","Friedrich von Schiller","Schiller"],"el":["Φρήντριχ Σίλερ","Φρήντριχ Σίλλερ"],"en":["F. Shiller","Johann C. F. Schiller","Johann Christoph Friedrich Schiller","Frederick Schiller","Friedrich von Schiller","Fridrikh Shiler","Frideriko Schiller","Schillerean","Joh. Christoph Friedrich von Schiller","Schiller","Fridrikh Shiller","Johann Christian Friedrich von Schiller","Johann Christoph Friedrich von Schiller","Hsi-le"],"eo":["Ŝillero","Frederiko Ŝillero","Friedrich VON SCHILLER","Frederiko SCHILLER","Ŝilero","Schiller"],"es":["Johann Christoph Friedrich von Schiller","Johann Christoph Friedrich Schiller","Friedrich von Schiller"],"et":["Schiller","Friedrich von Schiller","Johann Christoph Friedrich von Schiller"],"fa":["فردریش شیلر","فریدریش فون شیللر","یوهان کریستوف فریدریش فون شیلر","فریدریش شیللر","شیللر"],"fi":["J. C. F. Schiller","Johann Christoph Friedrich Schiller","Friedrich von Schiller","Johann Christoph Friedrich von Schiller","J. C. F. von Schiller"],"fo":["Johann Christoph Friedrich von Schiller"],"fr":["Friederich Schiller","Frédéric Schiller","Johan Friedrich von Schiller","Johann Christoph Friedrich von Schiller"],"fy":["Friedrich Schiller","Johann Christoph Friedrich"],"ga":["Friedrich von Schiller","Schiller"],"gl":["Friedrich von Schiller","Schiller","Johann Christoph Friedrich von Schiller"],"he":["שילער, פרידריך,","שיללער"],"hr":["Schiller"],"hu":["Johann Christoph Friedrich Schiller"],"hy":["Շիլլեր Ֆրիդրիխ","Յոհան Շիլլեր"],"ia":["Johann Christoph Friedrich von Schiller"],"is":["Friedrich von Schiller","Johann Christoph Friedrich von Schiller"],"it":["Federico Schiller","Friedrich von Schiller"],"ja":["フリードリッヒ・フォン・シラー","フリードリッヒ・シラー","フリードリヒ・シラー","シルレル","ヨハン・クリストフ・フリードリヒ・シラー"],"jv":["Johann Christoph Friedrich von Schiller"],"ka":["შილერი"],"kk":["Шиллер Фридрих","Фридрих Шиллер,"],"ko":["쉴러","프리드리히 폰 쉴러","요한 크리스토프 쉴러","요한 크리스토프 프리드리히 폰 실러","실러","프리드리히 쉴러","프리드리히 폰 실러"],"ku":["Johann Christoph Friedrich von Schiller"],"la":["Ioannes Christophorus Fridericus Schillerus"],"lt":["Friedrich Schiller","Fridrichas Šileris"],"lv":["Frīdrihs fon Šillers","Fridrihs Šillers","Fridrihs fon Šillers"],"mk":["فريدريك شيلر","Фридрих фон Шилер","Ֆրիդրիխ Շիլլեր","Friedrich Schiller","فريدرش شيلر","Frīdrihs Šillers","ფრიდრიხ შილერი","فریدریش شیلر","Йоганн-Фрідріх Шиллер","Friedrich von Schiller","Fridrix Şiller","Фридрих Шиллер","Fridericus Schiller","Frydrichas Šileris","フリードリヒ・フォン・シラー","Φρίντριχ Σίλερ","弗里德里希·席勒","Шиллер","Фрыдрых Шылер","프리드리히 실러","פרידריך שילר"],"nb":["Friederich Schiller","Friedrich von Schiller","Schiller"],"nl":["F. Schiller","Friedrich von Schiller"],"nn":["Johann Christoph Friedrich von Schiller"],"pl":["Friedrich von Schiller","Johann Christoph Friedrich von Schiller","Fryderyk Schiller","Johann Christoph Friedrich Schiller"],"pt":["Friedrich von Schiller","Johann Christoph Friedrich von Schiller","Friedrich de Schiller","Johann Friedrich von Schiller","Schiller"],"ro":["Johann Christoph Friedrich Schiller","Friedrich von Schiller"],"ru":["Фридрих Иоганн Шиллер","Шиллер Фридрих Иоганн","Шиллер, Иоганн Кристоф Фридрих","Шиллер Иоганн Фридрих","Шиллер, Фридрих Иоганн","Шиллер, Иоганн Фридрих","Шиллер Фридрих Иоганн Кристоф","Фридрих Иоганн Кристоф Шиллер","Иоганн Фридрих Шиллер","Шиллер, Фридрих Иоганн Кристоф","Иоганн Кристоф Фридрих Шиллер","Шиллер Иоганн Кристоф Фридрих","Фридрих фон Шиллер","Иоганн Шиллер","Шиллер, Фридрих"],"sh":["Johann Friedrich Schiller","Schiller","Johan Fridrih Šiler","Šiler","Fridrih Šiler"],"sk":["Friedrich von Schiller","Johann Christoph Friedrich von Schiller"],"sl":["Johann Christoph Friedrich Schiller","Johann Christoph Friedrich von Schiller"],"sq":["Friedrich von Schiller","Fridrih Shiler","Frederik Shiler"],"sr":["Friedrich Schiller","Фридрих фон Шилер","Johann Christoph Friedrich von Schiller"],"sv":["Johann Christoph Friedrich Schiller","Friedrich von Schiller","Schiller"],"tr":["Johann Friedrich von Schiller","Friedrich von Schiller","Schiller"],"uk":["Йоганн Крістоф Фрідріх Шіллер","Шиллер","Фрідріх Шіллер","Йоганн Фрідріх Шиллер","Шиллер Йоганн-Фрідріх"],"vi":["Friedrich von Schiller","Johann Christoph Friedrich Schiller","Schiller"],"zh":["席勒"],"bar":["Johann Christoph Friedrich vo Schiller"],"haw":["Schiller"],"hsb":["Johann Christoph Friedrich von Schiller"],"nds":["Johann Christoph Friedrich Schiller","Friedrich Schiller"],"pnt":["Φρίντριχ Ϛίλερ"],"be-tarask":["Шылер"]},"givenName":{"de":["Johann Christoph Friedrich von Schiller"]},"language":["http://id.loc.gov/vocabulary/languages/ger"],"type":["Person"],"description":{"ca":"poeta, dramaturg, filòsof alemany","cs":"německý spisovatel, 1759–1805","de":"deutscher Dichter, Philosoph und Historiker (1759–1805)","dv":"ލިޔުންތެރިއެއް","el":"Γερμανός θεατρικός συγγραφέας και ποιητής","en":"German poet, philosopher, historian, and playwright (1759-1805)","eo":"germana poeto","es":"poeta, dramaturgo, filósofo e historiador alemán","fa":"شاعر، فیلسوف، پزشک و تاریخ‌دان آلمانی","fi":"saksalainen runoilija, näytelmäkirjailija ja historioitsija","fr":"poète, dramaturge, esthète et historien allemand","it":"poeta, filosofo e drammaturgo tedesco","ko":"독일 고전주의 극작가이자 시인, 철학자, 역사가, 문학이론가이다.","lt":"vokiečių poetas, dramaturgas, filosofas, istorikas.","nl":"Duits filosoof","pl":"niemiecki poeta, filozof, historyk, estetyk, teoretyk teatru i dramaturg, przedstawiciel tzw. klasyki weimarskiej, autor „Ody do radości”","ro":"poet și dramaturg german, clasic al poeziei germane","ru":"немецкий поэт, философ, теоретик искусства, драматург, профессор истории и военный врач","sk":"nemecký dramatik, spisovateľ, básnik, estetik a historik","sv":"tysk författare, dramatiker och filosof","uk":"німецький поет, філософ, теоретик мистецтва і драматург, професор історії і військовий лікар","vi":"nhà thơ, nhà viết bi kịch và triết gia người Đức","zh":"德国文学家","bar":"deutscher Dichter, Dramatiker und Historiker","sco":"German poet, filosofer, historian, an playwricht","be-tarask":"нямецкі паэт, філёзаф, гісторык і драматург"}}