{"sameAs":["http://viaf.org/viaf/4921638","http://www.wikidata.org/entity/Q1337363","https://isni.org/isni/0000000108642743","http://id.loc.gov/authorities/names/nr96038014","http://d-nb.info/gnd/116657979","https://data.bnf.fr/ark:/12148/cb10729081s","https://data.bnf.fr/ark:/12148/cb10729081","http://www.idref.fr/086868624","http://data.bibliotheken.nl/doc/thes/p239620453","http://data.rism.info/id/rismid/pe20001626"],"bf:identifiedBy":[{"type":["bf:Identifier"],"rdf:value":"n2010076416","rdfs:label":"NUKAT ID"}],"child":["https://id.oclc.org/worldcat/entity/E39PBJB8vhQjbBFcY3wPTPfrMP"],"sibling":["https://id.oclc.org/worldcat/entity/E39PBJxhtrWg6bXC6JqqMc7T73"],"placeOfBirth":["https://id.oclc.org/worldcat/entity/E39PBJd8dQHrtpjrtgW868fH4q"],"placeOfDeath":["https://id.oclc.org/worldcat/entity/E39PBJfRBFp4CkjdMmGfv6QTHC"],"@context":"https://id.oclc.org/api/context.json","id":"https://id.oclc.org/worldcat/entity/E39PBJrKVq8FWdQTqVhpmkPG73","dateOfBirth":[{"type":["time:Instant"],"time:inDateTime":{"type":["time:DateTimeDescription"],"time:day":{"type":"http://www.w3.org/2001/XMLSchema#gDay","@value":"----25"},"time:year":{"type":"http://www.w3.org/2001/XMLSchema#gYear","@value":"1804"},"time:month":{"type":"http://www.w3.org/2001/XMLSchema#gMonth","@value":"--07"},"time:hasTRS":{"id":"http://www.opengis.net/def/uom/ISO-8601/0/Gregorian"},"time:unitType":{"id":"time:unitDay"}},"time:inXSDDateTimeStamp":{"type":"http://www.w3.org/2001/XMLSchema#dateTimeStamp","@value":"1804-07-25T00:00:00Z"}}],"dateOfDeath":[{"type":["time:Instant"],"time:inDateTime":{"type":["time:DateTimeDescription"],"time:day":{"type":"http://www.w3.org/2001/XMLSchema#gDay","@value":"----25"},"time:year":{"type":"http://www.w3.org/2001/XMLSchema#gYear","@value":"1872"},"time:month":{"type":"http://www.w3.org/2001/XMLSchema#gMonth","@value":"--11"},"time:hasTRS":{"id":"http://www.opengis.net/def/uom/ISO-8601/0/Gregorian"},"time:unitType":{"id":"time:unitDay"}},"time:inXSDDateTimeStamp":{"type":"http://www.w3.org/2001/XMLSchema#dateTimeStamp","@value":"1872-11-25T00:00:00Z"}}],"prefLabel":{"be":"Эмілія фон Глейхен-Русвурм","ca":"Emilie von Gleichen-Rußwurm","cs":"Emilie von Gleichen-Rußwurm","cy":"Emilie von Gleichen-Rußwurm","de":"Emilie von Gleichen-Rußwurm","en":"Emilie von Gleichen-Rußwurm","es":"Emilie von Gleichen-Russwurm","fr":"Emilie von Gleichen-Rußwurm","hy":"Էմիլի ֆոն Գլայխեն-Ռուսվուրմ","it":"Emilie von Gleichen-Rußwurm","ka":"ემილია ფონ გლეიხენ-რუსვურმი","nb":"Emilie von Gleichen-Rußwurm","nl":"Emilie von Gleichen-Rußwurm","ru":"Эмилия фон Глейхен-Руссвурм","sk":"Emilie von Gleichen-Rußwurm","sl":"Emilie von Gleichen-Rußwurm","sv":"Emilie von Gleichen-Russwurm","be-tarask":"Эмілія фон Гляйхен-Русвурм"},"altLabel":{"de":["Emilie von Gleichen-Russwurm","Emilie Friederike Henriette von Schiller","Freifrau Emilie Friederike Henriette von Gleichen-Rußwurm","Emilie Friederike Henriette von Gleichen-Rußwurm","Emilie von Schiller"],"it":["Emilie Friederike Henriette von Gleichen-Rußwurm"]},"givenName":{"de":["Emilie von Schiller"]},"type":["Person"],"description":{"de":"Tochter von Friedrich Schiller","dv":"ލިޔުންތެރިއެއް","en":"Daughter of Friedrich Schiller (1804-1872)","fa":"نویسنده آلمانی","it":"scrittrice tedesca","ka":"ფრიდრიხ შილერის ქალიშვილი","nb":"Friedrich Schillers datter","nl":"Duits schrijfster (1804-1872)","ru":"дочь Фридриха Шиллера","be-tarask":"дачка Фрыдрыха Шылера"}}