{"sameAs":["http://viaf.org/viaf/13103701","http://id.worldcat.org/fast/1687464","http://www.wikidata.org/entity/Q12681141","https://isni.org/isni/0000000117438859","http://id.loc.gov/authorities/names/no2007121974","http://d-nb.info/gnd/11879499X"],"bf:identifiedBy":[{"type":["bf:Identifier"],"rdf:value":"ADV12196179","rdfs:label":"BAV ID"},{"type":["bf:Identifier"],"rdf:value":"9810612082105606","rdfs:label":"PLWABN ID"}],"child":["https://id.oclc.org/worldcat/entity/E39PBJycRRj6GBBQ8jWvckfDv3"],"spouse":[{"id":"https://id.oclc.org/worldcat/entity/E39PBJxrPX4txgXT8RF6c4RYfq#59546292-649c-40c8-84c0-39ce4e9f3341","type":"Role","carriedOutBy":"https://id.oclc.org/worldcat/entity/E39PBJwmYThD46PR96XWggcgKd"}],"placeOfBirth":["https://id.oclc.org/worldcat/entity/E39PBJhRCXwKRrmwJMYVk8XTpP"],"@context":"https://id.oclc.org/api/context.json","id":"https://id.oclc.org/worldcat/entity/E39PBJxrPX4txgXT8RF6c4RYfq","dateOfBirth":[{"type":["time:Instant"],"time:inDateTime":{"type":["time:DateTimeDescription"],"time:day":{"type":"http://www.w3.org/2001/XMLSchema#gDay","@value":"----13"},"time:year":{"type":"http://www.w3.org/2001/XMLSchema#gYear","@value":"1732"},"time:month":{"type":"http://www.w3.org/2001/XMLSchema#gMonth","@value":"--12"},"time:hasTRS":{"id":"http://www.opengis.net/def/uom/ISO-8601/0/Gregorian"},"time:unitType":{"id":"time:unitDay"}},"time:inXSDDateTimeStamp":{"type":"http://www.w3.org/2001/XMLSchema#dateTimeStamp","@value":"1732-12-13T00:00:00Z"}}],"dateOfDeath":[{"type":["time:Instant"],"time:inDateTime":{"type":["time:DateTimeDescription"],"time:day":{"type":"http://www.w3.org/2001/XMLSchema#gDay","@value":"----29"},"time:year":{"type":"http://www.w3.org/2001/XMLSchema#gYear","@value":"1802"},"time:month":{"type":"http://www.w3.org/2001/XMLSchema#gMonth","@value":"--04"},"time:hasTRS":{"id":"http://www.opengis.net/def/uom/ISO-8601/0/Gregorian"},"time:unitType":{"id":"time:unitDay"}},"time:inXSDDateTimeStamp":{"type":"http://www.w3.org/2001/XMLSchema#dateTimeStamp","@value":"1802-04-29T00:00:00Z"}}],"prefLabel":{"be":"Элізабэт Даратэя Шылер","ca":"Elisabetha Dorothea Schiller","de":"Elisabetha Dorothea Schiller","en":"Elisabeth Dorothea Schiller","es":"Elisabetha Dorothea Schiller","eu":"Elisabeth Dorothea Schiller","fr":"Elisabetha Dorothea Schiller","it":"Elisabeth Dorothea Schiller","nb":"Elisabetha Dorothea Schiller","nl":"Elisabetha Dorothea Schiller","ru":"Элизабет Доротея Шиллер","sl":"Elisabeth Dorothea Schiller","sq":"Elisabeth Dorothea Schiller","be-tarask":"Элізабэт Даратэя Шылер"},"altLabel":{"de":["Elisabetha Dorothea Kodweiß"]},"givenName":{"de":["Elisabetha Dorothea Kodweiß"]},"type":["Person"],"description":{"de":"Mutter von Friedrich Schiller","en":"mother of Friedrich Schiller (1732-1802)","it":"madre di Friedrich Schiller","nb":"Friedrich Schillers mor","ru":"мать Фридриха Шиллера","be-tarask":"маці Фрыдрыха Шылера"}}