{"sameAs":["http://viaf.org/viaf/73850932","http://id.worldcat.org/fast/33671","http://www.wikidata.org/entity/Q170800","https://isni.org/isni/0000000122818039","http://id.loc.gov/authorities/names/n79040086","http://d-nb.info/gnd/118518399","https://data.bnf.fr/ark:/12148/cb11894840z","http://id.ndl.go.jp/auth/ndlna/00435078","http://datos.bne.es/resource/XX1719649","https://livedata.bibsys.no/authority/90069736","http://www.idref.fr/026762668","http://lod.nl.go.kr/resource/KAC201108796","http://data.nlg.gr/resource/authority/A138771","http://data.bibliotheken.nl/doc/thes/p068449941","http://data.rism.info/id/rismid/pe43524","http://id.bnportugal.gov.pt/aut/catbnp/19671","http://libris.kb.se/resource/auth/180883"],"bf:identifiedBy":[{"type":["bf:Identifier"],"rdf:value":"A11817501","rdfs:label":"NLP ID"},{"type":["bf:Identifier"],"rdf:value":"000035839","rdfs:label":"ARBABN ID"},{"type":["bf:Identifier"],"rdf:value":"0000038581","rdfs:label":"B2Q ID"},{"type":["bf:Identifier"],"rdf:value":"ADV11221180","rdfs:label":"BAV ID"},{"type":["bf:Identifier"],"rdf:value":"000623645","rdfs:label":"BLBND ID"},{"type":["bf:Identifier"],"rdf:value":"a10452096","rdfs:label":"BNC ID"},{"type":["bf:Identifier"],"rdf:value":"7734639","rdfs:label":"NLR ID"},{"type":["bf:Identifier"],"rdf:value":"000064913","rdfs:label":"NKS ID"},{"type":["bf:Identifier"],"rdf:value":"n96210991","rdfs:label":"NUKAT ID"},{"type":["bf:Identifier"],"rdf:value":"ncf10168721","rdfs:label":"CAOONL ID"},{"type":["bf:Identifier"],"rdf:value":"LNB:V*369446;=BS","rdfs:label":"LIH ID"},{"type":["bf:Identifier"],"rdf:value":"000027955","rdfs:label":"LNB ID"},{"type":["bf:Identifier"],"rdf:value":"jn19990001296","rdfs:label":"NKC ID"},{"type":["bf:Identifier"],"rdf:value":"9810646500505606","rdfs:label":"PLWABN ID"},{"type":["bf:Identifier"],"rdf:value":"000007367","rdfs:label":"BNCHL ID"},{"type":["bf:Identifier"],"rdf:value":"vtls001558291","rdfs:label":"EGAXA ID"},{"type":["bf:Identifier"],"rdf:value":"35024658","rdfs:label":"NLA ID"},{"type":["bf:Identifier"],"rdf:value":"02-A003069741","rdfs:label":"RERO ID"},{"type":["bf:Identifier"],"rdf:value":"a1130585x","rdfs:label":"ERRR ID"},{"type":["bf:Identifier"],"rdf:value":"ITICCUCFIV004013","rdfs:label":"ICCU ID"},{"type":["bf:Identifier"],"rdf:value":"987007259213505171","rdfs:label":"J9U ID"},{"type":["bf:Identifier"],"rdf:value":"27276387","rdfs:label":"SIMACOB ID"}],"placeOfBirth":["https://id.oclc.org/worldcat/entity/E39PBJc7YMFQ6XdTqVK84G4yVC"],"placeOfDeath":["https://id.oclc.org/worldcat/entity/E39PBJc7YMFQ6XdTqVK84G4yVC"],"@context":"https://id.oclc.org/api/context.json","id":"https://id.oclc.org/worldcat/entity/E39PBJvXh7Vk4TRQQRgyrpYdcP","dateOfBirth":[{"type":["time:Instant"],"time:inDateTime":{"type":["time:DateTimeDescription"],"time:day":{"type":"http://www.w3.org/2001/XMLSchema#gDay","@value":"----01"},"time:year":{"type":"http://www.w3.org/2001/XMLSchema#gYear","@value":"1600"},"time:month":{"type":"http://www.w3.org/2001/XMLSchema#gMonth","@value":"--01"},"time:hasTRS":{"id":"http://www.opengis.net/def/uom/ISO-8601/0/Gregorian"},"time:unitType":{"id":"time:unitDay"}},"time:inXSDDateTimeStamp":{"type":"http://www.w3.org/2001/XMLSchema#dateTimeStamp","@value":"1600-01-01T00:00:00Z"}}],"dateOfDeath":[{"type":["time:Instant"],"time:inDateTime":{"type":["time:DateTimeDescription"],"time:day":{"type":"http://www.w3.org/2001/XMLSchema#gDay","@value":"----25"},"time:year":{"type":"http://www.w3.org/2001/XMLSchema#gYear","@value":"1681"},"time:month":{"type":"http://www.w3.org/2001/XMLSchema#gMonth","@value":"--05"},"time:hasTRS":{"id":"http://www.opengis.net/def/uom/ISO-8601/0/Gregorian"},"time:unitType":{"id":"time:unitDay"}},"time:inXSDDateTimeStamp":{"type":"http://www.w3.org/2001/XMLSchema#dateTimeStamp","@value":"1681-05-25T00:00:00Z"}}],"prefLabel":{"af":"Pedro Calderón de la Barca","an":"Pedro Calderón de la Barca","ar":"بيدرو كالديرون دي لا باركا","ay":"Pedro Calderón de la Barca","az":"Pedro Kalderon","ba":"Кальдерон де ла Барка Педро","be":"Педра Кальдэрон дэ ла Барка","bg":"Педро Калдерон де ла Барка","br":"Pedro Calderón de la Barca","bs":"Pedro Calderón de la Barca","ca":"Pedro Calderón de la Barca","co":"Pedro Calderón de la Barca","cs":"Pedro Calderón de la Barca","da":"Pedro Calderón de la Barca","de":"Pedro Calderón de la Barca","el":"Πέδρο Καλντερόν δε λα Μπάρκα","en":"Pedro Calderón de la Barca","eo":"Pedro Calderón de la Barca","es":"Pedro Calderón de la Barca","et":"Pedro Calderón de la Barca","eu":"Pedro Calderón de la Barca","fa":"پدرو کالدرون","fi":"Pedro Calderón de la Barca","fo":"Pedro Calderón de la Barca","fr":"Pedro Calderón de la Barca","ga":"Pedro Calderón de la Barca","gd":"Pedro Calderón de la Barca","gl":"Pedro Calderón de la Barca","gn":"Calderón de la Barca","he":"פדרו קלדרון דה לה ברקה","hr":"Pedro Calderón de la Barca","hu":"Pedro Calderón de la Barca","hy":"Պեդրո Կալդերոն դե լա Բարկա","id":"Pedro Calderón de la Barca","io":"Pedro Calderón de la Barca","is":"Pedro Calderón de la Barca","it":"Pedro Calderón de la Barca","ja":"ペドロ・カルデロン・デ・ラ・バルカ","ka":"პედრო კალდერონ დე ლა ბარკა","kk":"Кальдерон де ла Барка","ko":"페드로 칼데론 데 라 바르카","ky":"Кальдерон де ла Барка, Педро","la":"Petrus Calderón de la Barca","lb":"Pedro Calderón de la Barca","lt":"Pedro Calderón de la Barca","lv":"Pedro Kalderons de la Barka","mg":"Pedro Calderón de la Barca","mk":"Педро Калдерон де ла Барка","mt":"Calderon de la Barca","nb":"Pedro Calderón de la Barca","nl":"Pedro Calderòn de la Barca","nn":"Pedro Calderón de la Barca","oc":"Pedro Calderón de la Barca","pa":"ਪੀਡਰੋ ਕਾਲਡੇਰਨ ਦੇ ਲਾ ਬਾਰਗਾ","pl":"Pedro Calderón de la Barca","pt":"Calderón de la Barca","qu":"Pedro Calderón de la Barca","ro":"Pedro Calderón de la Barca","ru":"Педро Кальдерон де ла Барка","sd":"پيڊرو ڪليڊرون","sh":"Pedro Calderón de la Barca","sk":"Pedro Calderón de la Barca","sl":"Pedro Calderón de la Barca","sq":"Pedro Calderón de la Barca","sr":"Педро Калдерон де ла Барка","sv":"Pedro Calderón de la Barca","tl":"Pedro Calderón de la Barca","tr":"Pedro Calderón de la Barca","ug":"Pedro Calderón de la Barca","uk":"Педро Кальдерон де ла Барка","ur":"پدرو کالدرون ڈی لا باركا","uz":"Pedro Calderón de la Barca","vi":"Pedro Calderòn de la Barca","vo":"Calderón de la Barca","wa":"Pedro Calderón de la Barca","zh":"佩德罗·卡尔德隆·德·拉·巴尔卡","ast":"Pedro Calderón de la Barca","azb":"پدرو کالدرون","ckb":"پێدرۆ کاڵدێرۆن دێ لا بارکا","diq":"Pedro Calderón de la Barca","gsw":"Pedro Calderón de la Barca","haw":"Pedro Calderón de la Barca","lmo":"Pedro Calderón de la Barca","pap":"Pedro Calderón de la Barca","pms":"Pedro Calderón de la Barca","sco":"Pedro Calderón de la Barca","war":"Pedro Calderón de la Barca","wuu":"佩德罗·卡尔德隆·德·拉·巴尔卡","pt-br":"Calderón de la Barca","sr-ec":"Педро Калдерон де ла Барка","sr-el":"Pedro Kalderon de la Barka","zh-cn":"佩德罗·卡尔德隆·德·拉·巴尔卡","zh-hk":"佩德羅·卡爾德隆·德·拉·巴爾卡","zh-sg":"佩德罗·卡尔德隆·德·拉·巴尔卡","zh-tw":"佩德羅·卡爾德隆·德·拉·巴爾卡","nds-nl":"Pedro Calderón de la Barca","zh-hans":"佩德罗·卡尔德隆·德·拉·巴尔卡","zh-hant":"佩德羅·卡爾德隆·德·拉·巴爾卡","be-tarask":"Пэдра Кальдэрон дэ ля Барка"},"altLabel":{"an":["Calderón de la Barca"],"ar":["كالديرون دي لا باركا","بيدرو كالديرون"],"ba":["Кальдерон де ла Барка","Педро Кальдерон де ла Барка","Кальдерон","Педро Кальдерон"],"be":["П. Кальдэрон"],"bg":["Калдерон де ла Барка"],"br":["Calderón de la Barca"],"ca":["Calderón de la Barca"],"cs":["Calderón de la Barca Henao y Riano","Pedro Calderón","Calderón de la Barca"],"de":["Pedro Calderon de la Barca"],"el":["Καλντερόν δε λα Μπάρκα"],"en":["Pedro Calderon de la Barca"],"eo":["Calderón","Pedro Calderon de la Barca","Calderón de la Barca"],"es":["Pedro Calderón de la Barca","Pedro Calderón de la Barca y Barreda Gonzalez","Pedro Calderon de la Barca y Barreda Gonzalez","Pedro Calderon de la Barca y Barreda González de Henao Ruiz de Blasco y Riano","Calderon de la Barca","Pedro Calderon de la Barca","Pedro Calderon de la Barca y Barreda Gonzalez de Henao Ruiz de Blasco y Riaño","Pedro Calderón de la Barca y Barreda González","Pedro Calderón de la Barca y Barreda Gonzalez de Henao Ruiz de Blasco y Riano","Pedro Calderon de la Barca y Barreda González","Pedro Calderon de la Barca y Barreda González de Henao Ruiz de Blasco y Riaño","Pedro Calderón de la Barca y Barreda González de Henao Ruiz de Blasco y Riano","Calderón de la Barca","Pedro Calderón de la Barca y Barreda Gonzalez de Henao Ruiz de Blasco y Riaño","Pedro Calderón de la Barca y Barreda González de Henao Ruiz de Blasco y Riaño","Pedro Calderon de la Barca y Barreda Gonzalez de Henao Ruiz de Blasco y Riano"],"et":["Pedro Calderon de la Barca","Calderon","Calderón","Pedro Calderón de la Barca y Barreda González de Henao Ruiz de Blasco y Riaño"],"eu":["Calderón de la Barca","Calderon de la Barca"],"fi":["Calderón de la Barca","Calderon de la Barca","Pedro Calderon de la Barca"],"fr":["Pedro Calderón","Calderón de la Barca","Pedro Calderón de la Barca y Barreda González de Henao Ruiz de Blasco y Riaño","Calderon de la Barca","Pedro Calderon de la Barca"],"ga":["Calderon de la Barca"],"gl":["Calderón de la Barca"],"he":["פדרו קלדרון","פדרו דל לה ברקה קלדרון"],"it":["Pietro Calderon de la Barca","Calderon de la Barca","Pedro Calderon de la Barca","Calderón de la Barca"],"ja":["カルデロン・デ・ラ・バルカ"],"la":["Petrus Calderonius de la Barca"],"nl":["Pedro Calderon de la Barca"],"pl":["Pedro Calderon","Calderon de la Barca","Pedro Calderon de la Barca","Calderon","Pedro Calderón","Calderón de la Barca","Calderón"],"pt":["Pedro Calderon de la Barca","Pedro Calderón de La Barca"],"ro":["Pedro Calderon de la Barca"],"ru":["Педро Кальдерон","Кальдерон де ла Барка","Кальдерон, Педро"],"sh":["Pedro Kalderon de la Barka"],"sl":["Calderon de la Barca"],"sr":["Калдерон","Каледрон"],"sv":["Calderón de la Barca","Calderón","Calderon de la Barca","Pedro Calderon de la Barca","Calderon"],"uk":["Педро Кальдерон","Педро де ла Барка Кальдерон","Кальдерон де ла Барка"],"ast":["Calderón de la Barca"],"zh-cn":["佩德罗·卡德罗·德·拉·巴卡"],"zh-hant":["佩德羅·卡德羅·德·拉·巴卡"]},"type":["Person"],"description":{"ba":"испан драматургы һәм шағиры","ca":"poeta i dramaturg espanyol","cs":"španělský spisovatel, dramatik","de":"spanischer Dramatiker","el":"Ισπανός θεατρικός συγγραφέας","en":"Spanish dramatist (1600-1681)","eo":"hispana poeto kaj dramisto","es":"poeta y dramaturgo español","fr":"auteur et poète dramatique espagnol","ga":"drámadóir Spáinneach","it":"drammaturgo e religioso spagnolo","ka":"ესპანელი დრამტურგი","lv":"Spānijas Zelta laikmeta dramaturgs un dzejnieks","nb":"spansk dramatiker","nl":"Spaans auteur","pl":"hiszpański poeta i dramaturg okresu baroku","ru":"испанский драматург и поэт"}}