{"sameAs":["http://id.worldcat.org/fast/482829","http://www.wikidata.org/entity/Q1360918","https://isni.org/isni/0000000049816909","http://id.loc.gov/authorities/names/nr2002030065","http://d-nb.info/gnd/117267090","http://www.idref.fr/070955573"],"sibling":["https://id.oclc.org/worldcat/entity/E39PBJrKVq8FWdQTqVhpmkPG73"],"placeOfBirth":["https://id.oclc.org/worldcat/entity/E39PBJd8dQHrtpjrtgW868fH4q"],"@context":"https://id.oclc.org/api/context.json","id":"https://id.oclc.org/worldcat/entity/E39PBJxhtrWg6bXC6JqqMc7T73","dateOfBirth":[{"type":["time:Instant"],"time:inDateTime":{"type":["time:DateTimeDescription"],"time:day":{"type":"http://www.w3.org/2001/XMLSchema#gDay","@value":"----11"},"time:year":{"type":"http://www.w3.org/2001/XMLSchema#gYear","@value":"1796"},"time:month":{"type":"http://www.w3.org/2001/XMLSchema#gMonth","@value":"--07"},"time:hasTRS":{"id":"http://www.opengis.net/def/uom/ISO-8601/0/Gregorian"},"time:unitType":{"id":"time:unitDay"}},"time:inXSDDateTimeStamp":{"type":"http://www.w3.org/2001/XMLSchema#dateTimeStamp","@value":"1796-07-11T00:00:00Z"}}],"dateOfDeath":[{"type":["time:Instant"],"time:inDateTime":{"type":["time:DateTimeDescription"],"time:day":{"type":"http://www.w3.org/2001/XMLSchema#gDay","@value":"----29"},"time:year":{"type":"http://www.w3.org/2001/XMLSchema#gYear","@value":"1841"},"time:month":{"type":"http://www.w3.org/2001/XMLSchema#gMonth","@value":"--05"},"time:hasTRS":{"id":"http://www.opengis.net/def/uom/ISO-8601/0/Gregorian"},"time:unitType":{"id":"time:unitDay"}},"time:inXSDDateTimeStamp":{"type":"http://www.w3.org/2001/XMLSchema#dateTimeStamp","@value":"1841-05-29T00:00:00Z"}}],"prefLabel":{"be":"Эрнст фон Шылер","ca":"Ernst von Schiller","cs":"Ernst von Schiller","cy":"Ernst von Schiller","da":"Ernst von Schiller","de":"Ernst von Schiller","en":"Ernst von Schiller","es":"Ernst von Schiller","eu":"Ernst von Schiller","fi":"Ernst von Schiller","fr":"Ernst von Schiller","hy":"Էրնստ ֆոն Շիլլերր","it":"Ernst von Schiller","ka":"ერნსტ ფონ შილერი","nb":"Ernst von Schiller","nl":"Ernst von Schiller","pt":"Ernst von Schiller","ru":"Эрнст фон Шиллер","sk":"Ernst von Schiller","sl":"Ernst von Schiller","sq":"Ernst von Schiller","sv":"Ernst von Schiller","ast":"Ernst von Schiller","nds":"Ernst von Schiller","pt-br":"Ernst von Schiller","be-tarask":"Эрнст фон Шылер"},"altLabel":{"da":["Friedrich Wilhelm Ernst von Schiller","Ernst Friedrich Wilhelm Schiller"],"de":["Ernst Friedrich Wilhelm von Schiller","Friedrich Wilhelm Ernst von Schiller","Ernst Friedrich Wilhelm Schiller"],"en":["Ernst Friedrich Wilhelm Schiller","Friedrich Wilhelm Ernst von Schiller","Ernst Friedrich Wilhelm von Schiller"],"fi":["Friedrich Wilhelm Ernst von Schiller","Ernst Friedrich Wilhelm Schiller"],"nb":["Ernst Friedrich Wilhelm Schiller"],"nl":["Friedrich Wilhelm Ernst von Schiller"],"pt":["Ernst Friedrich Wilhelm Schiller","Friedrich Wilhelm Ernst von Schiller"],"sv":["Friedrich Wilhelm Ernst von Schiller","Ernst Friedrich Wilhelm Schiller"],"be-tarask":["Эрнст Фрыдрых Вільгельм Шылер","Эрнст Фрыдрых Вільгельм фон Шылер"]},"type":["Person"],"description":{"ar":"قاضي ألماني","de":"deutscher Landgerichtsrat; Sohn von Friedrich Schiller und Charlotte von Schiller","en":"German judge, Friedrich Schiller's son (1796-1841)","fa":"قاضی آلمانی","fr":"fils de Friedrich Schiller","ka":"გერმანელი მოსამართლე, ფრიდრიხ შილერის ვაჟი","nb":"tysk dommer, sønn av Friedrich og Charlotte von Schiller","nl":"Duits rechter (1796-1841)","ru":"немецкий судья, сын Фридриха Шиллера","ast":"xuez alemán (1796–1841)","be-tarask":"нямецкі судзьдзя, сын Шрыдрыха Шылера"}}