{"sameAs":["http://viaf.org/viaf/82088490","http://id.worldcat.org/fast/31763","http://www.wikidata.org/entity/Q9312","https://isni.org/isni/0000000122824025","http://id.loc.gov/authorities/names/n79021614","http://d-nb.info/gnd/118559796","https://data.bnf.fr/ark:/12148/cb11909393p","https://data.bnf.fr/ark:/12148/cb11909393","http://id.ndl.go.jp/auth/ndlna/00445131","http://datos.bne.es/resource/XX1002482","http://vocab.getty.edu/ulan/500107055","http://vocab.getty.edu/ulan/500107055-agent","https://livedata.bibsys.no/authority/90066754","http://www.idref.fr/02694507X","http://lod.nl.go.kr/resource/KAC199614392","http://data.nlg.gr/resource/authority/A61881","http://data.bibliotheken.nl/doc/thes/p06840753X","https://livedata.bibsys.no/authority/90066754","http://id.bnportugal.gov.pt/aut/catbnp/8958","http://libris.kb.se/resource/auth/192570"],"bf:identifiedBy":[{"type":["bf:Identifier"],"rdf:value":"A10028109","rdfs:label":"NLP ID"},{"type":["bf:Identifier"],"rdf:value":"000029470","rdfs:label":"ARBABN ID"},{"type":["bf:Identifier"],"rdf:value":"0000026802","rdfs:label":"B2Q ID"},{"type":["bf:Identifier"],"rdf:value":"ADV10174940","rdfs:label":"BAV ID"},{"type":["bf:Identifier"],"rdf:value":"000174186","rdfs:label":"BLBND ID"},{"type":["bf:Identifier"],"rdf:value":"a10436352","rdfs:label":"BNC ID"},{"type":["bf:Identifier"],"rdf:value":"772318","rdfs:label":"NLR ID"},{"type":["bf:Identifier"],"rdf:value":"000100107","rdfs:label":"NKS ID"},{"type":["bf:Identifier"],"rdf:value":"n93081168","rdfs:label":"NUKAT ID"},{"type":["bf:Identifier"],"rdf:value":"ncf10102521","rdfs:label":"CAOONL ID"},{"type":["bf:Identifier"],"rdf:value":"LNB:V*8181;=BE","rdfs:label":"LIH ID"},{"type":["bf:Identifier"],"rdf:value":"000015134","rdfs:label":"LNB ID"},{"type":["bf:Identifier"],"rdf:value":"jn19990004171","rdfs:label":"NKC ID"},{"type":["bf:Identifier"],"rdf:value":"9810530647305606","rdfs:label":"PLWABN ID"},{"type":["bf:Identifier"],"rdf:value":"000011488","rdfs:label":"BNCHL ID"},{"type":["bf:Identifier"],"rdf:value":"87097968534232","rdfs:label":"DBC ID"},{"type":["bf:Identifier"],"rdf:value":"vtls000970121","rdfs:label":"EGAXA ID"},{"type":["bf:Identifier"],"rdf:value":"35259064","rdfs:label":"NLA ID"},{"type":["bf:Identifier"],"rdf:value":"02-A000096927","rdfs:label":"RERO ID"},{"type":["bf:Identifier"],"rdf:value":"a11260312","rdfs:label":"ERRR ID"},{"type":["bf:Identifier"],"rdf:value":"ITICCUCFIV000707","rdfs:label":"ICCU ID"},{"type":["bf:Identifier"],"rdf:value":"987007263690005171","rdfs:label":"J9U ID"},{"type":["bf:Identifier"],"rdf:value":"6276707","rdfs:label":"SIMACOB ID"},{"type":["bf:Identifier"],"rdf:value":"vtls005049083","rdfs:label":"SKMASNL ID"}],"influencedBy":["https://id.oclc.org/worldcat/entity/E39PBJcgCqWhdbfbMdYKtkFxjC","https://id.oclc.org/worldcat/entity/E39PBJhMj6RyFD3wkT7cggMQMP","https://id.oclc.org/worldcat/entity/E39PBJm4PF6Xqwc8m39hM8khpP","https://id.oclc.org/worldcat/entity/E39PBJk93d6bYmhP6RHXDkQcyd","https://id.oclc.org/worldcat/entity/E39PBJxCxx9XjP7GxJkTmvXrv3","https://id.oclc.org/worldcat/entity/E39PBJyhhx9vtvt7yX96XR7GpP","https://id.oclc.org/worldcat/entity/E39PBJm4YdVDJh6rxq7x7TqqQq","https://id.oclc.org/worldcat/entity/E39PBJv8J8HFcRcXTqbDqKh8md","https://id.oclc.org/worldcat/entity/E39PBJdMfXc4XcRKQbFvhTVV4q","https://id.oclc.org/worldcat/entity/E39PBJrgKKFDJMvggQ6H7Q6dwC","https://id.oclc.org/worldcat/entity/E39PBJjmPbR674TmdrvmkpqG73","https://id.oclc.org/worldcat/entity/E39PBJh4vmp3bKfCY8Kv3G34v3","https://id.oclc.org/worldcat/entity/E39PBJx4tHXPJ6dYfppRcKxRrq"],"@context":"https://id.oclc.org/api/context.json","id":"https://id.oclc.org/worldcat/entity/E39PBJwmW8rQhgGKyX4rvgdPcP","dateOfBirth":[{"type":["time:Instant"],"time:inDateTime":{"type":["time:DateTimeDescription"],"time:day":{"type":"http://www.w3.org/2001/XMLSchema#gDay","@value":"----22"},"time:year":{"type":"http://www.w3.org/2001/XMLSchema#gYear","@value":"1724"},"time:month":{"type":"http://www.w3.org/2001/XMLSchema#gMonth","@value":"--04"},"time:hasTRS":{"id":"http://www.opengis.net/def/uom/ISO-8601/0/Gregorian"},"time:unitType":{"id":"time:unitDay"}},"time:inXSDDateTimeStamp":{"type":"http://www.w3.org/2001/XMLSchema#dateTimeStamp","@value":"1724-04-22T00:00:00Z"}}],"dateOfDeath":[{"type":["time:Instant"],"time:inDateTime":{"type":["time:DateTimeDescription"],"time:day":{"type":"http://www.w3.org/2001/XMLSchema#gDay","@value":"----12"},"time:year":{"type":"http://www.w3.org/2001/XMLSchema#gYear","@value":"1804"},"time:month":{"type":"http://www.w3.org/2001/XMLSchema#gMonth","@value":"--02"},"time:hasTRS":{"id":"http://www.opengis.net/def/uom/ISO-8601/0/Gregorian"},"time:unitType":{"id":"time:unitDay"}},"time:inXSDDateTimeStamp":{"type":"http://www.w3.org/2001/XMLSchema#dateTimeStamp","@value":"1804-02-12T00:00:00Z"}}],"prefLabel":{"aa":"Immanuel Kant","af":"Immanuel Kant","ak":"Immanuel Kant","am":"አማኑኤል ካንት","an":"Immanuel Kant","ar":"إيمانويل كانت","ay":"Immanuel Kant","az":"İmmanuel Kant","ba":"Иммануил Кант","be":"Імануіл Кант","bg":"Имануел Кант","bn":"ইমানুয়েল কান্ট","br":"Immanuel Kant","bs":"Immanuel Kant","ca":"Immanuel Kant","ce":"Кант, Иммануил","co":"Immanuel Kant","cs":"Immanuel Kant","cv":"Иммануил Кант","cy":"Immanuel Kant","da":"Immanuel Kant","de":"Immanuel Kant","ee":"Immanuel Kant","el":"Iμμάνουελ Καντ","en":"Immanuel Kant","eo":"Immanuel Kant","es":"Immanuel Kant","et":"Immanuel Kant","eu":"Immanuel Kant","fa":"ایمانوئل کانت","ff":"Immanuel Kant","fi":"Immanuel Kant","fj":"Immanuel Kant","fo":"Immanuel Kant","fr":"Emmanuel Kant","fy":"Immanuel Kant","ga":"Immanuel Kant","gd":"Immanuel Kant","gl":"Immanuel Kant","gn":"Immanuel Kant","gu":"ઇમેન્યુએલ કેન્ટ","gv":"Immanuel Kant","he":"עמנואל קאנט","hi":"इमानुएल कांट","hr":"Immanuel Kant","hu":"Immanuel Kant","hy":"Իմանուիլ Կանտ","ia":"Immanuel Kant","id":"Immanuel Kant","ie":"Immanuel Kant","io":"Immanuel Kant","is":"Immanuel Kant","it":"Immanuel Kant","ja":"イマヌエル・カント","jv":"Immanuel Kant","ka":"იმანუელ კანტი","kg":"Immanuel Kant","kk":"Иммануил Кант","kn":"ಇಮ್ಯಾನ್ಯುಅಲ್ ಕಾಂಟ್","ko":"이마누엘 칸트","ku":"Immanuel Kant","kw":"Immanuel Kant","ky":"Кант, Иммануил","la":"Immanuel Kantius","lb":"Immanuel Kant","li":"Immanuel Kant","lt":"Immanuel Kant","lv":"Imanuels Kants","mg":"Immanuel Kant","mk":"Имануел Кант","ml":"ഇമ്മാനുവേൽ കാന്റ്","mn":"Иммануил Кант","mr":"इम्मॅन्युएल कांट","ms":"Immanuel Kant","mt":"Immanuel Kant","my":"အင်မနျူရယ် ကန့်","nb":"Immanuel Kant","ne":"इमानुएल क्यान्ट","nl":"Immanuel Kant","nn":"Immanuel Kant","oc":"Immanuel Kant","pa":"ਇਮੈਨੁਅਲ ਕਾਂਤ","pl":"Immanuel Kant","ps":"امانوېل کانت","pt":"Immanuel Kant","qu":"Immanuel Kant","rm":"Immanuel Kant","ro":"Immanuel Kant","ru":"Иммануил Кант","rw":"Emmanuel Kant","sa":"इमान्युएल काण्ट","sc":"Immanuel Kant","se":"Immanuel Kant","sh":"Immanuel Kant","sk":"Immanuel Kant","sl":"Immanuel Kant","sq":"Immanuel Kant","sr":"Имануел Кант","su":"Immanuel Kant","sv":"Immanuel Kant","sw":"Immanuel Kant","ta":"இம்மானுவேல் கண்ட்","te":"కాంట్","tg":"Иммануил Кант","th":"อิมมานูเอล คานต์","tl":"Immanuel Kant","tr":"Immanuel Kant","tt":"Иммануил Кант","uk":"Іммануїл Кант","ur":"امانوئل کانٹ","uz":"Kant Immanuil","vi":"Immanuel Kant","vo":"Immanuel Kant","wa":"Immanuel Kant","wo":"Immanuel Kant","xh":"Immanuel Kant","yi":"אימאנועל קאנט","yo":"Immanuel Kant","zh":"伊曼努爾·康德","zu":"Immanuel Kant","ace":"Immanuel Kant","ary":"إمانويل كانط","arz":"ايمانويل كانط","ast":"Immanuel Kant","atj":"Immanuel Kant","azb":"ایمانوئل کانت","bar":"Immanuel Kant","bcl":"Immanuel Kant","bxr":"Иммануил Кант","ceb":"Immanuel Kant","ckb":"ئیمانوێل کانت","crh":"İmmanuil Kant","diq":"Immanuel Kant","dsb":"Immanuel Kant","egl":"Immanuel Kant","eml":"Immanuel Kant","ext":"Immanuel Kant","fit":"Immanuel Kant","frc":"Immanuel Kant","frp":"Immanuel Kant","frr":"Immanuel Kant","fur":"Immanuel Kant","gan":"康德","gcr":"Emmanuel Kant","gsw":"Immanuel Kant","hif":"Immanuel Kant","hsb":"Immanuel Kant","ilo":"Immanuel Kant","jam":"Immanuel Kant","kaa":"Immanuel Kant","kab":"Emmanuel Kant","kbp":"Emmanuel Kant","ksh":"Immanuel Kant","lez":"Иммануил Кант","lfn":"Immanuel Kant","lij":"Immanuel Kant","lmo":"Immanuel Kant","lrc":"امانوئل کانت","lzh":"伊曼努爾·康德","mai":"इम्मानुएल कांट","min":"Immanuel Kant","mrj":"Кант, Иммануил","mus":"Immanuel Kant","mwl":"Immanuel Kant","myv":"Иммануил Кант","nah":"Immanuel Kant","nap":"Immanuel Kant","nds":"Immanuel Kant","new":"इम्यानुयल केन्ट","nrm":"Immanuel Kant","olo":"Immanuel Kant","pam":"Immanuel Kant","pap":"Immanuel Kant","pcd":"Immanuel Kant","pdc":"Immanuel Kant","pdt":"Immanuel Kant","pfl":"Immanuel Kant","pms":"Immanuel Kant","pnb":"کانٹ","rmy":"Immanuel Kant","rue":"Іммануіл Кант","rup":"Immanuel Kant","sah":"Иммануил Кант","scn":"Immanuel Kant","sco":"Immanuel Kant","sdc":"Immanuel Kant","sei":"Immanuel Kant","shi":"Imanwel Kanṭ","sli":"Immanuel Kant","stq":"Immanuel Kant","szl":"Immanuel Kant","tpi":"Immanuel Kant","vec":"Immanuel Kant","vep":"Kant Immanuel'","vls":"Immanuel Kant","vmf":"Immanuel Kant","war":"Immanuel Kant","wuu":"康德","xmf":"იმანუელ კანტი","zea":"Immanuel Kant","de-at":"Immanuel Kant","de-ch":"Immanuel Kant","en-ca":"Immanuel Kant","en-gb":"Immanuel Kant","pt-br":"Immanuel Kant","sr-ec":"Имануел Кант","sr-el":"Imanuel Kant","nds-nl":"Immanuel Kant","cbk-zam":"Immanuel Kant","map-bms":"Immanuel Kant","roa-tara":"Immanuel Kant","be-tarask":"Імануіл Кант"},"altLabel":{"cs":["Imanuel Kant"],"de":["Immanuel Kant","Kant"],"el":["Καντ","Ιμάνουελ Καντ","Εμμάνουελ Καντ","Εμάνουελ Καντ","Εμμανουήλ Κάντιος","Ιμμάνουελ Καντ"],"en":["Kant, Immanuel","Kant","Emmanuel Kant"],"eo":["Kantio","Emanuelo Kantio"],"es":["Emmanuel Kant"],"fr":["Kant","Immanuel Kant"],"gu":["કેન્ટ"],"he":["קאנט","קנט, עמנואל"],"hy":["Կանտ Իմանուիլ"],"it":["Kant","Emanuele Kant"],"ja":["カントイマニユエル,"],"oc":["Amanieu Kant"],"ru":["Кант Иммануил"],"sq":["Emanuel Kant"],"zh":["伊曼努尔·康德","康德"]},"type":["Person"],"description":{"af":"Duitse filosoof","ar":"فيلسوف ألماني","bg":"германски философ","bn":"জার্মান দার্শনিক","ca":"filòsof alemany","cs":"německý filozof","da":"tysk filosof (1724-1804)","de":"deutscher Philosoph der Aufklärung","dv":"ލިޔުންތެރިއެއް","el":"Γερμανός φιλόσοφος","en":"German philosopher (1724-1804)","eo":"germana filozofo","es":"filósofo prusiano","et":"Saksamaa filosoof","fa":"فیلسوف آلمانی","fi":"preussilainen filosofi","fr":"philosophe allemand","gl":"filósofo prusiano","gn":"arandupykuaatýre oñemoarandúva","gu":"જર્મન તત્વજ્ઞાની","he":"פילוסוף גרמני","hu":"német idealista filozófus","it":"filosofo tedesco","ko":"철학자","nl":"Duits filosoof","pl":"niemiecki filozof","ro":"filosof german","ru":"родоначальник немецкой классической философии","sk":"nemecký filozof","sq":"filozof gjerman","sr":"немачки филозоф","sv":"tysk filosof","tr":"Alman filozof","uk":"німецький філософ, родоначальник німецької класичної філософії","vi":"nhà triết học người Đức","zh":"德國哲學家","ilo":"Aleman a pilosopo","de-at":"deutscher Philosoph der Aufklärung","de-ch":"deutscher Philosoph der Aufklärung","en-ca":"German philosopher","en-gb":"German philosopher"}}