{"sameAs":["http://viaf.org/viaf/32791272","http://id.worldcat.org/fast/1663034","http://www.wikidata.org/entity/Q77413","https://isni.org/isni/0000000043462951","http://id.loc.gov/authorities/names/no2007000021","http://d-nb.info/gnd/11871483X","https://data.bnf.fr/ark:/12148/cb119875070","http://www.idref.fr/027940098","http://data.bibliotheken.nl/doc/thes/p080167977"],"bf:identifiedBy":[{"type":["bf:Identifier"],"rdf:value":"n2012217405","rdfs:label":"NUKAT ID"},{"type":["bf:Identifier"],"rdf:value":"jo2016902434","rdfs:label":"NKC ID"},{"type":["bf:Identifier"],"rdf:value":"000563656","rdfs:label":"NLI ID"},{"type":["bf:Identifier"],"rdf:value":"987007291103705171","rdfs:label":"J9U ID"}],"spouse":[{"id":"https://id.oclc.org/worldcat/entity/E39PBJg4hjRHMtQrc4Y9t7WqwC#c9f5df84-d970-4a82-8518-890531655743","type":"Role","carriedOutBy":"https://id.oclc.org/worldcat/entity/E39PBJtxc6WdbVYfWBcqF4v8md"}],"placeOfBirth":["https://id.oclc.org/worldcat/entity/E39PBJjhFYqrgm8bKhgH9j4wmd"],"@context":"https://id.oclc.org/api/context.json","id":"https://id.oclc.org/worldcat/entity/E39PBJg4hjRHMtQrc4Y9t7WqwC","dateOfBirth":[{"type":["time:Instant"],"time:inDateTime":{"type":["time:DateTimeDescription"],"time:day":{"type":"http://www.w3.org/2001/XMLSchema#gDay","@value":"----25"},"time:year":{"type":"http://www.w3.org/2001/XMLSchema#gYear","@value":"1761"},"time:month":{"type":"http://www.w3.org/2001/XMLSchema#gMonth","@value":"--07"},"time:hasTRS":{"id":"http://www.opengis.net/def/uom/ISO-8601/0/Gregorian"},"time:unitType":{"id":"time:unitDay"}},"time:inXSDDateTimeStamp":{"type":"http://www.w3.org/2001/XMLSchema#dateTimeStamp","@value":"1761-07-25T00:00:00Z"}}],"dateOfDeath":[{"type":["time:Instant"],"time:inDateTime":{"type":["time:DateTimeDescription"],"time:day":{"type":"http://www.w3.org/2001/XMLSchema#gDay","@value":"----12"},"time:year":{"type":"http://www.w3.org/2001/XMLSchema#gYear","@value":"1843"},"time:month":{"type":"http://www.w3.org/2001/XMLSchema#gMonth","@value":"--05"},"time:hasTRS":{"id":"http://www.opengis.net/def/uom/ISO-8601/0/Gregorian"},"time:unitType":{"id":"time:unitDay"}},"time:inXSDDateTimeStamp":{"type":"http://www.w3.org/2001/XMLSchema#dateTimeStamp","@value":"1843-05-12T00:00:00Z"}}],"prefLabel":{"ar":"شارلوته فون كالب","ca":"Charlotte von Kalb","cy":"Charlotte von Kalb","de":"Charlotte von Kalb","en":"Charlotte von Kalb","eo":"Charlotte von Kalb","es":"Charlotte von Kalb","fi":"Charlotte von Kalb","fr":"Charlotte von Kalb","it":"Charlotte von Kalb","ja":"シャルロッテ・フォン・カルプ","la":"Carlotta de Kalb","nl":"Charlotte von Kalb","ru":"Кальб, Шарлотта фон","sl":"Charlotte von Kalb","sq":"Charlotte von Kalb","sv":"Charlotte von Kalb","arz":"شارلوته فون كالب","ast":"Charlotte von Kalb","hsb":"Charlotte von Kalb","be-tarask":"Шарлота фон Кальб"},"altLabel":{"de":["Charlotte Sophie Juliane von Kalb"],"en":["Charlotte Sophia Juliana von Kalb"],"ru":["Кальб Шарлотта","Кальб Шарлотта фон","Кальб, Шарлотта","Шарлотта Кальб","Шарлотта фон Кальб"]},"type":["Person"],"description":{"an":"escritora alemana","ar":"كاتبة ألمانية","bn":"জার্মান লেখিকা","ca":"escriptora alemanya","de":"deutsche Schriftstellerin","dv":"ލިޔުންތެރިއެއް","en":"German writer (1761-1843)","es":"escritora alemana","et":"Saksamaa kirjanik","fa":"نویسنده آلمانی","fr":"écrivaine allemande","ga":"scríbhneoir Gearmánach","gl":"escritora alemá","he":"סופרת גרמנייה","it":"scrittrice tedesca","ml":"ജര്‍മ്മനിയിലെ രചയിതാവ്","nl":"Duits auteur","oc":"escrivana alemanda","ro":"scriitoare germană","sq":"shkrimtare gjermane","ast":"escritora alemana","hsb":"němska spisowaćelka","en-ca":"German writer","en-gb":"German writer"}}