{"sameAs":["http://viaf.org/viaf/24602065","http://id.worldcat.org/fast/29788","http://www.wikidata.org/entity/Q5879","https://isni.org/isni/0000000120999104","http://id.loc.gov/authorities/names/n79003362","http://d-nb.info/gnd/118540238","https://data.bnf.fr/ark:/12148/cb11905269k","http://id.ndl.go.jp/auth/ndlna/00441109","http://datos.bne.es/resource/XX1156503","http://vocab.getty.edu/ulan/500014761","http://vocab.getty.edu/ulan/500014761-agent","https://livedata.bibsys.no/authority/90051083","http://www.idref.fr/026895528","http://lod.nl.go.kr/resource/KAC199610270","http://data.nlg.gr/resource/authority/A61933","http://data.bibliotheken.nl/doc/thes/p068418655","http://data.rism.info/id/rismid/pe173930","http://id.bnportugal.gov.pt/aut/catbnp/33985","http://libris.kb.se/resource/auth/56318"],"bf:identifiedBy":[{"type":["bf:Identifier"],"rdf:value":"A11789943","rdfs:label":"NLP ID"},{"type":["bf:Identifier"],"rdf:value":"000035637","rdfs:label":"ARBABN ID"},{"type":["bf:Identifier"],"rdf:value":"0000054816","rdfs:label":"B2Q ID"},{"type":["bf:Identifier"],"rdf:value":"ADV10176058","rdfs:label":"BAV ID"},{"type":["bf:Identifier"],"rdf:value":"000576089","rdfs:label":"BLBND ID"},{"type":["bf:Identifier"],"rdf:value":"a10436479","rdfs:label":"BNC ID"},{"type":["bf:Identifier"],"rdf:value":"771353","rdfs:label":"NLR ID"},{"type":["bf:Identifier"],"rdf:value":"000001702","rdfs:label":"NKS ID"},{"type":["bf:Identifier"],"rdf:value":"n93125729","rdfs:label":"NUKAT ID"},{"type":["bf:Identifier"],"rdf:value":"ncf10038289","rdfs:label":"CAOONL ID"},{"type":["bf:Identifier"],"rdf:value":"0101J2853","rdfs:label":"LAC ID"},{"type":["bf:Identifier"],"rdf:value":"LNB:V*38789;=BV","rdfs:label":"LIH ID"},{"type":["bf:Identifier"],"rdf:value":"000016818","rdfs:label":"LNB ID"},{"type":["bf:Identifier"],"rdf:value":"jn19990002740","rdfs:label":"NKC ID"},{"type":["bf:Identifier"],"rdf:value":"001699734","rdfs:label":"NLI ID"},{"type":["bf:Identifier"],"rdf:value":"9810566602605606","rdfs:label":"PLWABN ID"},{"type":["bf:Identifier"],"rdf:value":"000007159","rdfs:label":"BNCHL ID"},{"type":["bf:Identifier"],"rdf:value":"87097968354099","rdfs:label":"DBC ID"},{"type":["bf:Identifier"],"rdf:value":"vtls000788436","rdfs:label":"EGAXA ID"},{"type":["bf:Identifier"],"rdf:value":"000013097","rdfs:label":"UIY ID"},{"type":["bf:Identifier"],"rdf:value":"35129828","rdfs:label":"NLA ID"},{"type":["bf:Identifier"],"rdf:value":"02-A000072678","rdfs:label":"RERO ID"},{"type":["bf:Identifier"],"rdf:value":"a11124374","rdfs:label":"ERRR ID"},{"type":["bf:Identifier"],"rdf:value":"ITICCUCFIV000501","rdfs:label":"ICCU ID"},{"type":["bf:Identifier"],"rdf:value":"987007520682505171","rdfs:label":"J9U ID"},{"type":["bf:Identifier"],"rdf:value":"5681507","rdfs:label":"SIMACOB ID"},{"type":["bf:Identifier"],"rdf:value":"vtls004939899","rdfs:label":"SKMASNL ID"}],"child":["https://id.oclc.org/worldcat/entity/E39PBJq74MFdjGvDmcdJKHyw4q"],"influencedBy":["https://id.oclc.org/worldcat/entity/E39PBJycRRj6GBBQ8jWvckfDv3","https://id.oclc.org/worldcat/entity/E39PBJqFK3wV48Jr7FxYjKJxDq","https://id.oclc.org/worldcat/entity/E39PBJqK9YQ8GxBB7GGRR6pXVC","https://id.oclc.org/worldcat/entity/E39PBJxd67F4ymXMg9qqT8pkjC"],"sibling":["https://id.oclc.org/worldcat/entity/E39PBJjMG8k6RCm69vfMj66Frq"],"spouse":[{"id":"https://id.oclc.org/worldcat/entity/E39PBJbtrhcCX8cjqWBhh7bcfq#5eee8134-2198-4d5f-8050-c65eac565b8f","type":"Role","carriedOutBy":"https://id.oclc.org/worldcat/entity/E39PBJpDJdy4WWhYxRhyFXxRrq"}],"placeOfBirth":["https://id.oclc.org/worldcat/entity/E39PBJrwMFVyFd9ywYCtBrfpfq"],"placeOfDeath":["https://id.oclc.org/worldcat/entity/E39PBJpV9xKyQMhtj74FdpWFKd"],"@context":"https://id.oclc.org/api/context.json","id":"https://id.oclc.org/worldcat/entity/E39PBJbtrhcCX8cjqWBhh7bcfq","dateOfBirth":[{"type":["time:Instant"],"time:inDateTime":{"type":["time:DateTimeDescription"],"time:day":{"type":"http://www.w3.org/2001/XMLSchema#gDay","@value":"----28"},"time:year":{"type":"http://www.w3.org/2001/XMLSchema#gYear","@value":"1749"},"time:month":{"type":"http://www.w3.org/2001/XMLSchema#gMonth","@value":"--08"},"time:hasTRS":{"id":"http://www.opengis.net/def/uom/ISO-8601/0/Gregorian"},"time:unitType":{"id":"time:unitDay"}},"time:inXSDDateTimeStamp":{"type":"http://www.w3.org/2001/XMLSchema#dateTimeStamp","@value":"1749-08-28T00:00:00Z"}}],"dateOfDeath":[{"type":["time:Instant"],"time:inDateTime":{"type":["time:DateTimeDescription"],"time:day":{"type":"http://www.w3.org/2001/XMLSchema#gDay","@value":"----22"},"time:year":{"type":"http://www.w3.org/2001/XMLSchema#gYear","@value":"1832"},"time:month":{"type":"http://www.w3.org/2001/XMLSchema#gMonth","@value":"--03"},"time:hasTRS":{"id":"http://www.opengis.net/def/uom/ISO-8601/0/Gregorian"},"time:unitType":{"id":"time:unitDay"}},"time:inXSDDateTimeStamp":{"type":"http://www.w3.org/2001/XMLSchema#dateTimeStamp","@value":"1832-03-22T00:00:00Z"}}],"prefLabel":{"aa":"Johann Wolfgang von Goethe","ab":"Иоҕанн Вольфганг фон Гете","af":"Johann Wolfgang von Goethe","ak":"Johann Wolfgang von Goethe","am":"ዮሐን ቮልፍጋንግ ቮን ግውተ","an":"Johann Wolfgang von Goethe","ar":"يوهان غوته","av":"Гёте, Йогьанн Вольфганг фон","ay":"Johann Wolfgang von Goethe","az":"İohann Volfqanq Göte","ba":"Йоһанн Вольфганг фон Гёте","be":"Іаган Вольфганг фон Гётэ","bg":"Йохан Волфганг фон Гьоте","bi":"Johann Wolfgang von Goethe","bm":"Johann Wolfgang von Goethe","bn":"ইয়োহান ভল্ফগাং ফন গ্যোটে","br":"Johann Wolfgang von Goethe","bs":"Johann Wolfgang von Goethe","ca":"Johann Wolfgang von Goethe","ce":"Иоганн Вольфганг фон Гёте","ch":"Johann Wolfgang von Goethe","co":"Johann Wolfgang von Goethe","cr":"Johann Wolfgang von Goethe","cs":"Johann Wolfgang von Goethe","cv":"Йохан Вольфканк Коĕтте","cy":"Johann Wolfgang von Goethe","da":"Johann Wolfgang von Goethe","de":"Johann Wolfgang von Goethe","el":"Γιόχαν Βόλφγκανγκ φον Γκαίτε","en":"Johann Wolfgang von Goethe","eo":"Johann Wolfgang von Goethe","es":"Johann Wolfgang von Goethe","et":"Johann Wolfgang von Goethe","eu":"Johann Wolfgang von Goethe","fa":"یوهان ولفگانگ گوته","ff":"Johann Wolfgang von Goethe","fi":"Johann Wolfgang von Goethe","fj":"Johann Wolfgang von Goethe","fo":"Johann Wolfgang von Goethe","fr":"Johann Wolfgang von Goethe","fy":"Johann Wolfgang von Goethe","ga":"Johann Wolfgang von Goethe","gd":"Johann Wolfgang von Goethe","gl":"Johann Wolfgang von Goethe","gn":"Johann Wolfgang von Goethe","gv":"Johann Wolfgang von Goethe","he":"יוהאן וולפגנג פון גתה","hi":"योहान वुल्फगांग फान गेटे","ho":"Johann Wolfgang von Goethe","hr":"Johann Wolfgang von Goethe","ht":"Johann Wolfgang von Goethe","hu":"Johann Wolfgang von Goethe","hy":"Յոհան Վոլֆգանգ ֆոն Գյոթե","hz":"Johann Wolfgang von Goethe","ia":"Johann Wolfgang von Goethe","id":"Johann Wolfgang von Goethe","ie":"Johann Wolfgang von Goethe","ig":"Johann Wolfgang von Goethe","ik":"Johann Wolfgang von Goethe","io":"Johann Wolfgang von Goethe","is":"Johann Wolfgang von Goethe","it":"Johann Wolfgang von Goethe","ja":"ヨハン・ヴォルフガング・フォン・ゲーテ","jv":"Johann Wolfgang von Goethe","ka":"იოჰან ვოლფგანგ ფონ გოეთე","kg":"Johann Wolfgang von Goethe","ki":"Johann Wolfgang von Goethe","kj":"Johann Wolfgang von Goethe","kk":"Йоһан Волфганг фон Гөте","kl":"Johann Wolfgang von Goethe","km":"យ៉ូហាន វ៉ូលកាង វ៉ុន ហ្គឺថេ","kn":"ಜೊಹಾನ್ ವೂಲ್ಫ್‍ಗಾಂಗ್ ವಾನ್ ಗಯಟೆ","ko":"요한 볼프강 폰 괴테","kr":"Johann Wolfgang von Goethe","ku":"Johann Wolfgang von Goethe","kw":"Johann Wolfgang von Goethe","ky":"Гете, Иоганн Вольфганг фон","la":"Ioannes Volfgangus Goethius","lb":"Johann Wolfgang von Goethe","lg":"Johann Wolfgang von Goethe","li":"Johann Wolfgang von Goethe","ln":"Johann Wolfgang von Goethe","lt":"Johanas Volfgangas Gėtė","lv":"Johans Volfgangs fon Gēte","mg":"Johann Wolfgang von Goethe","mh":"Johann Wolfgang von Goethe","mi":"Johann Wolfgang von Goethe","mk":"Јохан Волфганг фон Гете","ml":"യൊഹാൻ വുൾഫ്ഗാങ്ങ് വോൺ ഗോയ്‌ഥേ","mn":"Иоханн Вольфганг фон Гёте","mr":"योहान वोल्फगांग फॉन ग्यॉटे","ms":"Johann Wolfgang von Goethe","mt":"Johann Wolfgang von Goethe","my":"ဂါတာ ဖွန်ယိုဟန်း ဝုဖဂန်","na":"Johann Wolfgang von Goethe","nb":"Johann Wolfgang von Goethe","ng":"Johann Wolfgang von Goethe","nl":"Johann Wolfgang von Goethe","nn":"Johann Wolfgang von Goethe","nv":"Johann Wolfgang von Goethe","ny":"Johann Wolfgang von Goethe","oc":"Johann Wolfgang von Goethe","om":"Johann Wolfgang von Goethe","pa":"ਯੋਹਾਨ ਵੁਲਫਗੈਂਗ ਵਾਨ ਗੇਟੇ","pi":"Johann Wolfgang von Goethe","pl":"Johann Wolfgang von Goethe","ps":"ګوېټه","pt":"Johann Wolfgang von Goethe","qu":"Johann Wolfgang von Goethe","rm":"Johann Wolfgang von Goethe","rn":"Johann Wolfgang von Goethe","ro":"Johann Wolfgang von Goethe","ru":"Иоганн Вольфганг фон Гёте","rw":"Johann Wolfgang von Goethe","sa":"जोहान वुल्फगांग गेटे","sc":"Wolfgang Goethe","sd":"گوئٽي","se":"Johann Wolfgang von Goethe","sg":"Johann Wolfgang von Goethe","sh":"Johann Wolfgang von Goethe","si":"ජොහෑන් වොල්ෆ්ගෑන් වොන් ගොතේ","sk":"Johann Wolfgang von Goethe","sl":"Johann Wolfgang von Goethe","sm":"Johann Wolfgang von Goethe","sn":"Johann Wolfgang von Goethe","so":"Johann Wolfgang von Goethe","sq":"Johann Wolfgang Goethe","sr":"Јохан Волфганг Гете","ss":"Johann Wolfgang von Goethe","st":"Johann Wolfgang von Goethe","su":"Johann Wolfgang von Goethe","sv":"Johann Wolfgang von Goethe","sw":"Johann Wolfgang von Goethe","ta":"யொஹான் வூல்ப்காங் ஃபொன் கேத்தா","te":"గేథే","tg":"Иоҳан Волфганг фон Гёте","th":"โยฮัน ว็อล์ฟกัง ฟ็อน เกอเทอ","tk":"Gýote Iogann Wolfgang","tl":"Johann Wolfgang von Goethe","tn":"Johann Wolfgang von Goethe","to":"Johann Wolfgang von Goethe","tr":"Johann Wolfgang von Goethe","ts":"Johann Wolfgang von Goethe","tt":"Иоганн Вольфганг Гете","tw":"Johann Wolfgang von Goethe","ty":"Johann Wolfgang von Goethe","uk":"Йоганн Вольфганг фон Гете","ur":"گوئٹے","uz":"Johann Wolfgang von Goethe","ve":"Johann Wolfgang von Goethe","vi":"Johann Wolfgang von Goethe","vo":"Johann Wolfgang von Goethe","wa":"Johann Wolfgang von Goethe","wo":"Johann Wolfgang von Goethe","xh":"Johann Wolfgang von Goethe","yi":"יאהאן וואלפגאנג פאן געטע","yo":"Johann Wolfgang von Goethe","za":"Goethe","zh":"约翰·沃尔夫冈·冯·歌德","zu":"Johann Wolfgang von Goethe","ace":"Johann Wolfgang von Goethe","ang":"Johann Wolfgang von Goethe","ary":"ڭوته","arz":"جوته","ast":"Johann Wolfgang von Goethe","azb":"یوهان ولفگانگ فون گؤته","bar":"Johann Wolfgang von Goethe","bcl":"Johann Wolfgang von Goethe","bjn":"Johann Wolfgang von Goethe","bug":"Johann Wolfgang von Goethe","bxr":"Гёте, Иоганн Вольфганг фон","cdo":"Johann Wolfgang von Goethe","ceb":"Johann Wolfgang von Goethe","cho":"Johann Wolfgang von Goethe","chy":"Johann Wolfgang von Goethe","ckb":"یۆھان ڤوڵفگانگ گۆتە","crh":"Yohann Volfgang fon Göte","csb":"Johann Wolfgang von Goethe","diq":"Johann Wolfgang von Goethe","dsb":"Johann Wolfgang von Goethe","eml":"Johann Wolfgang von Goethe","ext":"Johann Wolfgang von Goethe","frp":"Johann Wolfgang von Goethe","frr":"Johann Wolfgang von Goethe","fur":"Johann Wolfgang von Goethe","gag":"Johann Wolfgang von Goethe","gan":"歌德","gcr":"Johann Wolfgang von Goethe","gor":"Johann Wolfgang von Goethe","gsw":"Johann Wolfgang von Goethe","hak":"Johann Wolfgang von Goethe","haw":"Johann Wolfgang von Goethe","hif":"Johann Wolfgang von Goethe","hrx":"Johann Wolfgang von Goethe","hsb":"Johann Wolfgang von Goethe","hyw":"Եոհան Վոլֆկանկ Ֆոն Կէօթէ","ilo":"Johann Wolfgang von Goethe","jam":"Johann Wolfgang von Goethe","jbo":"Johann Wolfgang von Goethe","kaa":"Johann Wolfgang von Goethe","kab":"Johann Wolfgang von Goethe","kbd":"Иоган Гёте","kbp":"Goethe","ksh":"Johann Wolfgang von Goethe","lad":"Johann Wolfgang von Goethe","lez":"Иогьанн Вольфганг фон Гёте","lfn":"Johann Wolfgang von Goethe","lij":"Johann Wolfgang von Goethe","liv":"Johann Wolfgang von Goethe","lmo":"Johann Wolfgang von Goethe","lrc":"یوٙھان ڤولفگانگ گوٙتئ","ltg":"Johann Wolfgang von Goethe","mai":"योहान वोल्फगान्क भान गोटे","mhr":"Гӧте, Иоганн Вольфганг фон","min":"Johann Wolfgang von Goethe","mrj":"Гӧте, Иоганн Вольфганг фон","mus":"Johann Wolfgang von Goethe","mwl":"Johann Wolfgang von Goethe","myv":"Гёте, Иоганн Вольфганг фон","mzn":"گوته","nah":"Johann Wolfgang von Goethe","nap":"Johann Wolfgang von Goethe","nds":"Johann Wolfgang von Goethe","new":"योहान् वुल्फ्ग्याङ भोन् गोथे","nov":"Johann Wolfgang von Goethe","nrm":"Johann Wolfgang von Goethe","nso":"Johann Wolfgang von Goethe","olo":"Johann Wolfgang von Goethe","pag":"Johann Wolfgang von Goethe","pam":"Johann Wolfgang von Goethe","pap":"Johann Wolfgang von Goethe","pcd":"Johann Wolfgang von Goethe","pdc":"Johann Wolfgang von Goethe","pfl":"Johann Wolfgang von Goethe","pih":"Johann Wolfgang von Goethe","pms":"Johann Wolfgang von Goethe","pnb":"گوئٹے","pnt":"Γιόχαν Βόλφγκανγκ φον Γκαίτε","prg":"Johann Wolfgang von Goethe","rgn":"Johann Wolfgang von Goethe","rmy":"Johann Wolfgang von Goethe","rue":"Йоганн Фольфґанґ фон Ґёте","rup":"Johann Wolfgang von Goethe","sah":"Йоhанн Вольфгаҥ фон Гөте","sat":"ᱜᱚᱭᱮᱛᱷᱤ, ᱡᱚᱦᱟᱱ ᱣᱟᱞᱯᱷᱜᱟᱝ ᱵᱚᱱ","scn":"Johann Wolfgang von Goethe","sco":"Johann Wolfgang von Goethe","sma":"Johann Wolfgang von Goethe","srn":"Johann Wolfgang von Goethe","stq":"Johann Wolfgang von Goethe","szl":"Johann Wolfgang von Goethe","tet":"Johann Wolfgang von Goethe","tpi":"Johann Wolfgang von Goethe","tum":"Johann Wolfgang von Goethe","vec":"Johann Wolfgang von Goethe","vep":"Göte Johan Vol'fgang fon","vls":"Johann Wolfgang von Goethe","vmf":"Johann Wolfgang von Goethe","vot":"Johann Wolfgang von Goethe","war":"Johann Wolfgang von Goethe","wuu":"歌德","xmf":"იოჰან ვოლფგანგ ფონ გოეთე","zea":"Johann Wolfgang von Goethe","de-at":"Johann Wolfgang von Goethe","de-ch":"Johann Wolfgang von Goethe","en-ca":"Johann Wolfgang von Goethe","en-gb":"Johann Wolfgang von Goethe","pt-br":"Johann Wolfgang von Goethe","sr-ec":"Јохан Волфганг Гете","sr-el":"Johan Volfgang Gete","nds-nl":"Johann Wolfgang von Goethe","cbk-zam":"Johann Wolfgang von Goethe","kk-latn":"Johann Wolfgang von Goethe","ku-latn":"Johann Wolfgang von Goethe","map-bms":"Johann Wolfgang von Goethe","tg-latn":"Johann Wolfgang von Goethe","tt-latn":"Johann Wolfgang von Goethe","ug-latn":"Johann Wolfgang von Goethe","aeb-latn":"Johann Wolfgang von Goethe","bbc-latn":"Johann Wolfgang von Goethe","crh-latn":"Johann Wolfgang von Goethe","gom-latn":"Johann Wolfgang von Goethe","hif-latn":"Johann Wolfgang von Goethe","ike-latn":"Johann Wolfgang von Goethe","roa-tara":"Johann Wolfgang von Goethe","ruq-latn":"Johann Wolfgang von Goethe","shi-latn":"Johann Wolfgang von Goethe","be-tarask":"Ёган Вольфганг фон Гётэ"},"altLabel":{"ar":["وولفجانج جوثي"],"ba":["Гёте, Иоганн Вольфганг фон","Гёте Иоганн Вольфганг фон"],"be":["Іаган Гётэ"],"bg":["Goethe"],"bn":["ইয়োহান উল্ফগ্যাং ভন গোয়েথে","জোহান উল্ফগ্যাং ভন গ্যোটে","ইয়োহান উল্ফগ্যাং ভন গ্যোটে"],"cs":["Johann Wolfgang Von Goethe","Johann Wolfgang Goethe","Jehan Vol'fhanh Hjete","Johann Wolfgang von Göthe"],"de":["Johann Wolfgang von Goethe","Johann Wolfgang Göthe","Göthe","Johann Wolfgang Goethe","Goethe","Johann Wolfgang von Göthe"],"en":["Goethe","johann wolfgang von goethe","j. w. von goethe","Johann Wolfgang Von Goethe","goethe","joh. wolfg. von goethe"],"es":["Goethe"],"fr":["Goethe"],"gl":["Goethe"],"he":["גיתה, יוהן וולפגנג,","געטהע, י. װ.,","י. וו. געטהע","גטה"],"it":["Goethe"],"ja":["ヨハン・ゲーテ","ゲーテ"],"kk":["Гете, Иоганн Вольфганг","Гөте, Йоһанн Волфгаң фон","Йоганн Волфганг фон Гете","Гөте, Йоғанн Волфгаң фон"],"nb":["Johann Wolfgang Goethe","00012126933 IPI"],"pt":["Goethe"],"ru":["Гёте, Иоганн Вольфганг","Гёте","Goethe","Гёте, Иоганн Вольфганг фон"],"sa":["योहान वुल्फगांग फान गेटे"],"sk":["Johann Wolfgang Goethe"],"sr":["Гете, Иоганн Вольфганг,"],"uk":["Йоган Вольфганг Гете","Йоганн Вольфганг фон Ґете","Йоганн Вольфганг Гете","Гете Йоганн Вольфганг фон","Йоганн Вольфґанґ фон Ґете","Йоган Вольфганг фон Гете","Гьоте","Гете Вольфганг","Вольфґанґ Ґете","Ґете Йоганн Вольфґанґ фон","Йоганн Гете","Гете","Йоганн фон Гете","Ґьоте","Ґьоте Йоганн Вольфґанґ фон","Йоганн Ґете","Ґете","Ґете Йоганн Вольфґанґ","Ґете Вольфґанґ"],"vi":["Goethe","Fon-Geteh, Ṿ."],"zh":["歌德"],"be-tarask":["Ёган Гётэ","Гётэ","Ёган Вольфганг Гётэ","Ёган Вольфґанґ фон Ґётэ"]},"givenName":{"de":["Johann Wolfgang von Goethe"]},"type":["Person"],"description":{"af":"Duitse skrywer, digter, dramaturg, skilder, regsgeleerde en filosoof.","ar":"أديب ألماني","be":"нямецкі пісьменнік, паэт","bg":"германски писател, учен, философ и политик","bn":"জার্মান লেখক, চিত্রশিল্পী ও রাজনীতিবিদ","ca":"pensador i literat alemany","cs":"německý spisovatel, umělec a politik","de":"deutscher Dichter, Dramatiker, Naturforscher und Politiker (1749–1832)","dv":"ލިޔުންތެރިއެއް","el":"Γερμανός ποιητής, μυθιστοριογράφος, δραματουργός, θεωρητικός της τέχνης και φυσιοδίφης","en":"German writer, artist, natural scientist and politician (1749–1832)","eo":"germana poeto, dramverkisto, ŝtatministro, juristo, filozofo kaj natursciencisto","es":"poeta, novelista, dramaturgo y científico alemán","fa":"فیلسوف و نویسنده آلمانی","fi":"saksalainen kirjailija, tieteilijä ja yleisnero","fr":"poète, romancier, dramaturge, théoricien de l’art et homme d’État allemand","gl":"novelista, dramaturgo, poeta, científico, filósofo humanista alemán","he":"סופר, משורר ואיש אשכולות גרמני","ia":"scriptor german","it":"drammaturgo, poeta, saggista, scrittore, pittore, teologo, filosofo, umanista, scienziato, critico d'arte e critico musicale tedesco","ja":"ドイツの詩人、小説家、政治家","ko":"독일의 작가이자 철학자, 과학자","mt":"kittieb, poeta u drammaturgu Ġermaniż","nb":"tysk dikter og vitenskapsmann","ne":"जर्मन लेखक, कलाकार, र राजनेता","nl":"juridisch dichter uit Frankfurt am Main (1749-1832)","pl":"niemiecki poeta","pt":"escritor alemão (1749–1832)","ro":"poet german, ilustru gânditor și om de știință","ru":"немецкий писатель, мыслитель, философ, естествоиспытатель, государственный деятель","sv":"tysk författare, diktare och naturforskare","tr":"18. ve 19. yüzyılda yaşamış Alman yazar, siyasetçi, ressam ve doğabilimci","uk":"німецький поет, письменник, драматург, мислитель і натураліст","vi":"Đại thi hào Đức (1749–1832)","zh":"德国作家、艺术家、政治家","ast":"escritor alemán","bar":"deutscher Dichter, Naturwissenschaftler, Kunsttheoretiker und Staatsmann","ilo":"Aleman a mannurat, artista, ken politiko","pam":"German philosopher, poet, and writer","sco":"German writer, airtist, an politeecian","de-at":"deutscher Dichter, Dramatiker und Naturforscher (1749–1832)","de-ch":"deutscher Dichter, Dramatiker und Naturforscher (1749–1832)","en-ca":"German writer, artist and politician (1749–1832)","en-gb":"German writer, artist and politician (1749–1832)"}}