{"sameAs":["http://viaf.org/viaf/52485019","http://id.worldcat.org/fast/142257","http://www.wikidata.org/entity/Q72642","https://isni.org/isni/0000000083827441","http://id.loc.gov/authorities/names/n84185891","http://d-nb.info/gnd/118754971","https://data.bnf.fr/ark:/12148/cb14643972n","https://data.bnf.fr/ark:/12148/cb14643972","http://www.idref.fr/085926639","http://data.bibliotheken.nl/doc/thes/p071482725","http://libris.kb.se/resource/auth/90169"],"bf:identifiedBy":[{"type":["bf:Identifier"],"rdf:value":"A29139569","rdfs:label":"NLP ID"},{"type":["bf:Identifier"],"rdf:value":"a11073445","rdfs:label":"BNC ID"},{"type":["bf:Identifier"],"rdf:value":"n2011215622","rdfs:label":"NUKAT ID"},{"type":["bf:Identifier"],"rdf:value":"xx0106574","rdfs:label":"NKC ID"},{"type":["bf:Identifier"],"rdf:value":"000117663","rdfs:label":"NLI ID"},{"type":["bf:Identifier"],"rdf:value":"9810663280605606","rdfs:label":"PLWABN ID"},{"type":["bf:Identifier"],"rdf:value":"987007290529605171","rdfs:label":"J9U ID"}],"child":["https://id.oclc.org/worldcat/entity/E39PBJxhtrWg6bXC6JqqMc7T73","https://id.oclc.org/worldcat/entity/E39PBJrKVq8FWdQTqVhpmkPG73"],"spouse":[{"id":"https://id.oclc.org/worldcat/entity/E39PBJmXJCgFvjwWychJ4JpMfq#b9a7cd42-c3b7-4bb2-acaf-7308504a951f","type":"Role","carriedOutBy":"https://id.oclc.org/worldcat/entity/E39PBJycRRj6GBBQ8jWvckfDv3"}],"placeOfBirth":["https://id.oclc.org/worldcat/entity/E39PBJh8TJRGMT9GYGHXft9dQq"],"placeOfDeath":["https://id.oclc.org/worldcat/entity/E39PBJyxkRbjPC3qmK9YHbM773"],"@context":"https://id.oclc.org/api/context.json","id":"https://id.oclc.org/worldcat/entity/E39PBJmXJCgFvjwWychJ4JpMfq","dateOfBirth":[{"type":["time:Instant"],"time:inDateTime":{"type":["time:DateTimeDescription"],"time:day":{"type":"http://www.w3.org/2001/XMLSchema#gDay","@value":"----22"},"time:year":{"type":"http://www.w3.org/2001/XMLSchema#gYear","@value":"1766"},"time:month":{"type":"http://www.w3.org/2001/XMLSchema#gMonth","@value":"--11"},"time:hasTRS":{"id":"http://www.opengis.net/def/uom/ISO-8601/0/Gregorian"},"time:unitType":{"id":"time:unitDay"}},"time:inXSDDateTimeStamp":{"type":"http://www.w3.org/2001/XMLSchema#dateTimeStamp","@value":"1766-11-22T00:00:00Z"}}],"dateOfDeath":[{"type":["time:Instant"],"time:inDateTime":{"type":["time:DateTimeDescription"],"time:day":{"type":"http://www.w3.org/2001/XMLSchema#gDay","@value":"----09"},"time:year":{"type":"http://www.w3.org/2001/XMLSchema#gYear","@value":"1826"},"time:month":{"type":"http://www.w3.org/2001/XMLSchema#gMonth","@value":"--07"},"time:hasTRS":{"id":"http://www.opengis.net/def/uom/ISO-8601/0/Gregorian"},"time:unitType":{"id":"time:unitDay"}},"time:inXSDDateTimeStamp":{"type":"http://www.w3.org/2001/XMLSchema#dateTimeStamp","@value":"1826-07-09T00:00:00Z"}}],"prefLabel":{"be":"Шарлота фон Ленгефельд","ca":"Charlotte von Lengefeld","cs":"Charlotte von Lengefeld","cy":"Charlotte von Lengefeld","de":"Charlotte von Schiller","en":"Charlotte von Lengefeld","eo":"Charlotte von Schiller","es":"Charlotte von Lengefeld","eu":"Charlotte von Lengefeld","fr":"Charlotte von Lengefeld","fy":"Charlotte von Lengefeld","hy":"Շարլոտե ֆոն Լենգեֆելդ","it":"Charlotte von Schiller","ka":"შარლოტა ფონ ლენგეფელდი","la":"Carlotta Ludovica Antonetta von Schiller","nb":"Charlotte von Schiller","nl":"Charlotte von Lengefeld","oc":"Charlotte von Lengefeld","ru":"Шарлотта фон Ленгефельд","sl":"Charlotte von Lengefeld","sq":"Charlotte von Lengefeld","ast":"Charlotte von Lengefeld","bar":"Charlotte von Schiller","eml":"Charlotte von Lengefeld","en-ca":"Charlotte von Lengefeld","en-gb":"Charlotte von Lengefeld","zh-hant":"夏洛特·馮·倫格費爾德","be-tarask":"Шарлёта фон Легенфэльд"},"altLabel":{"cs":["Lotte Schiller","Charlotte Luise Antoinette von Lengefeld","Charlotte von Schiller","Charlotte Luise Antoinette von Schiller"],"de":["Charlotte von Lengefeld","Charlotte Schiller","Charlotte Luise Antoinette von Lengefeld","Charlotte Luise Antoinette von Schiller","Louise Charlotte Antoinette von Lengefeld"],"en":["Charlotte von Schiller","Charlotte Luise Antoinette von Schiller"],"fr":["Charlotte Luise Antoinette von Lengefeld"],"fy":["Charlotte Luise Antoinette von Schiller"],"it":["Charlotte Schiller","Charlotte Luise Antoinette von Lengefeld","Charlotte Luise Antoinette von Schiller","Charlotte von Lengefeld"],"nb":["Charlotte Schiller","Charlotte Luise Antoinette von Schiller"],"ru":["Шарлотта Шиллер","Шиллер, Шарлотта"],"bar":["Charlotte Luise Antoinette von Schiller"],"be-tarask":["Шарлёта Люіза Антуанэта фон Шылер","Шарлёта фон Шылер"]},"givenName":{"de":["Charlotte Luise Antoinette von Lengefeld"]},"type":["Person"],"description":{"ar":"كاتبة ألمانية","br":"skrivagnerez alaman","ca":"escriptora alemanya","cs":"manželka Friedricha Schillera","de":"Frau von Friedrich Schiller","dv":"ލިޔުންތެރިއެއް","en":"wife of Friedrich Schiller (1766-1826)","es":"Mujer de Friedrich Schiller","eu":"idazle alemaniarra","fr":"écrivaine allemande","gl":"escritora alemá","he":"סופרת גרמנייה","it":"scrittrice tedesca","ka":"ფრიდირიხ შილერის ცოლი","nb":"Friedrich Schillers hustru","nl":"Duits schrijfster (1766-1826)","pt":"escritora alemã","ru":"супруга Фридриха Шиллера","ast":"escritora alemana (1766–1826)","be-tarask":"жонка Фрыдрыха Шылера"}}